file,syndicate,year,category,detail,in_inferential_population,in_model_sample,eligible_outcome_observed,size_proxy_gbp_m,size_proxy_source
syndicate_1084_2014.json,1084,2014,working_sample,observed_eligible_complete,True,True,True,1332.5,filing
syndicate_1084_2015.json,1084,2015,working_sample,observed_eligible_complete,True,True,True,1579.2,filing
syndicate_1084_2016.json,1084,2016,working_sample,observed_eligible_complete,True,True,True,1609,filing
syndicate_1084_2017.json,1084,2017,working_sample,observed_eligible_complete,True,True,True,1830.6,filing
syndicate_1084_2018.json,1084,2018,working_sample,observed_eligible_complete,True,True,True,1962.8,filing
syndicate_1084_2019.json,1084,2019,working_sample,observed_eligible_complete,True,True,True,1886.72846484,filing
syndicate_1084_2020.json,1084,2020,working_sample,observed_eligible_complete,True,True,True,1936.2465232,filing
syndicate_1084_2021.json,1084,2021,working_sample,observed_eligible_complete,True,True,True,2103.77777778,filing
syndicate_1084_2022.json,1084,2022,working_sample,observed_eligible_complete,True,True,True,2398.36052,filing
syndicate_1084_2023.json,1084,2023,working_sample,observed_eligible_complete,True,True,True,2646.86494546,filing
syndicate_1084_2024.json,1084,2024,working_sample,observed_eligible_complete,True,True,True,2728.97292549,filing
syndicate_1100_2024.json,1100,2024,structural_no_eligible_outcome,no_mature_cohort,False,False,False,,filing
syndicate_1110_2014.json,1110,2014,scientific_exclusion,non_gross_or_unstated_development,False,False,False,72.176,filing
syndicate_1110_2015.json,1110,2015,scientific_exclusion,non_gross_or_unstated_development,False,False,False,100.728,filing
syndicate_1110_2016.json,1110,2016,scientific_exclusion,non_gross_or_unstated_development,False,False,False,172.629,filing
syndicate_1110_2017.json,1110,2017,working_sample,observed_eligible_complete,True,True,True,275.5,filing
syndicate_1110_2018.json,1110,2018,working_sample,observed_eligible_complete,True,True,True,111.035,filing
syndicate_1110_2019.json,1110,2019,scientific_exclusion,non_gross_or_unstated_development,False,False,False,93.512,filing
syndicate_1110_2020.json,1110,2020,working_sample,observed_eligible_complete,True,True,True,133.771,filing
syndicate_1110_2021.json,1110,2021,eligible_observed_composition_unavailable,missing_lob_composition,True,False,True,206.415,filing
syndicate_1110_2022.json,1110,2022,working_sample,observed_eligible_complete,True,True,True,221.885,filing
syndicate_1110_2023.json,1110,2023,working_sample,observed_eligible_complete,True,True,True,489.603,filing
syndicate_1110_2024.json,1110,2024,working_sample,observed_eligible_complete,True,True,True,468.278,filing
syndicate_1176_2014.json,1176,2014,working_sample,observed_eligible_complete,True,True,True,39.487,filing
syndicate_1176_2015.json,1176,2015,scientific_exclusion,non_gross_or_unstated_development,False,False,False,35.195,filing
syndicate_1176_2016.json,1176,2016,working_sample,observed_eligible_complete,True,True,True,34.662,filing
syndicate_1176_2017.json,1176,2017,working_sample,observed_eligible_complete,True,True,True,45.337,filing
syndicate_1176_2018.json,1176,2018,working_sample,observed_eligible_complete,True,True,True,46.84,filing
syndicate_1176_2019.json,1176,2019,working_sample,observed_eligible_complete,True,True,True,39.661,filing
syndicate_1176_2020.json,1176,2020,working_sample,observed_eligible_complete,True,True,True,35.941,filing
syndicate_1176_2021.json,1176,2021,working_sample,observed_eligible_complete,True,True,True,38.419,filing
syndicate_1176_2022.json,1176,2022,working_sample,observed_eligible_complete,True,True,True,37.582,filing
syndicate_1176_2023.json,1176,2023,working_sample,observed_eligible_complete,True,True,True,38.646,filing
syndicate_1176_2024.json,1176,2024,working_sample,observed_eligible_complete,True,True,True,41.426,filing
syndicate_1183_2014.json,1183,2014,scientific_exclusion,non_gross_or_unstated_development,False,False,False,822.7,filing
syndicate_1183_2015.json,1183,2015,working_sample,observed_eligible_complete,True,True,True,916.858809169,filing
syndicate_1183_2016.json,1183,2016,working_sample,observed_eligible_complete,True,True,True,1055.84826133,filing
syndicate_1183_2017.json,1183,2017,working_sample,observed_eligible_complete,True,True,True,962.00753936,filing
syndicate_1183_2018.json,1183,2018,working_sample,observed_eligible_complete,True,True,True,1208.57165243,filing
syndicate_1183_2019.json,1183,2019,scientific_exclusion,non_gross_or_unstated_development,False,False,False,1154.64616776,filing
syndicate_1183_2020.json,1183,2020,scientific_exclusion,non_gross_or_unstated_development,False,False,False,1120.55335968,filing
syndicate_1183_2021.json,1183,2021,working_sample,observed_eligible_complete,True,True,True,1275.40740741,filing
syndicate_1183_2022.json,1183,2022,scientific_exclusion,non_gross_or_unstated_development,False,False,False,1495.98410201,filing
syndicate_1183_2023.json,1183,2023,working_sample,observed_eligible_complete,True,True,True,1621.6746449,filing
syndicate_1183_2024.json,1183,2024,working_sample,observed_eligible_complete,True,True,True,1534.05159332,filing
syndicate_1200_2014.json,1200,2014,scientific_exclusion,non_gross_or_unstated_development,False,False,False,554.9,filing
syndicate_1200_2015.json,1200,2015,working_sample,observed_eligible_complete,True,True,True,430,filing
syndicate_1200_2016.json,1200,2016,working_sample,observed_eligible_complete,True,True,True,450.6,filing
syndicate_1200_2017.json,1200,2017,working_sample,observed_eligible_complete,True,True,True,586.6,filing
syndicate_1200_2018.json,1200,2018,working_sample,observed_eligible_complete,True,True,True,772.3,filing
syndicate_1200_2019.json,1200,2019,working_sample,observed_eligible_complete,True,True,True,767.4,filing
syndicate_1200_2020.json,1200,2020,working_sample,observed_eligible_complete,True,True,True,798.7,filing
syndicate_1200_2021.json,1200,2021,eligible_observed_composition_unavailable,missing_lob_composition,True,False,True,839,filing
syndicate_1200_2022.json,1200,2022,working_sample,observed_eligible_complete,True,True,True,649,filing
syndicate_1200_2023.json,1200,2023,working_sample,observed_eligible_complete,True,True,True,811.6,filing
syndicate_1200_2024.json,1200,2024,working_sample,observed_eligible_complete,True,True,True,533.279,filing
syndicate_1206_2014.json,1206,2014,working_sample,observed_eligible_complete,True,True,True,278.997,filing
syndicate_1206_2015.json,1206,2015,working_sample,observed_eligible_complete,True,True,True,321.885,filing
syndicate_1206_2016.json,1206,2016,working_sample,observed_eligible_complete,True,True,True,308.104,filing
syndicate_1206_2017.json,1206,2017,working_sample,observed_eligible_complete,True,True,True,353.514,filing
syndicate_1206_2018.json,1206,2018,working_sample,observed_eligible_complete,True,True,True,411.211,filing
syndicate_1206_2019.json,1206,2019,scientific_exclusion,non_gross_or_unstated_development,False,False,False,321.993,filing
syndicate_1209_2014.json,1209,2014,working_sample,observed_eligible_complete,True,True,True,574.782,filing
syndicate_1209_2015.json,1209,2015,working_sample,observed_eligible_complete,True,True,True,587.406,filing
syndicate_1209_2016.json,1209,2016,working_sample,observed_eligible_complete,True,True,True,559.601,filing
syndicate_1209_2017.json,1209,2017,working_sample,observed_eligible_complete,True,True,True,571.429,filing
syndicate_1218_2014.json,1218,2014,scientific_exclusion,non_gross_or_unstated_development,False,False,False,517.695,filing
syndicate_1218_2015.json,1218,2015,working_sample,observed_eligible_complete,True,True,True,474.944,filing
syndicate_1218_2016.json,1218,2016,working_sample,observed_eligible_complete,True,True,True,453.853,filing
syndicate_1218_2017.json,1218,2017,working_sample,observed_eligible_complete,True,True,True,491.854,filing
syndicate_1218_2018.json,1218,2018,working_sample,observed_eligible_complete,True,True,True,498.5,filing
syndicate_1218_2019.json,1218,2019,working_sample,observed_eligible_complete,True,True,True,514.273,filing
syndicate_1218_2020.json,1218,2020,working_sample,observed_eligible_complete,True,True,True,565.942,filing
syndicate_1218_2021.json,1218,2021,working_sample,observed_eligible_complete,True,True,True,633.233,filing
syndicate_1218_2022.json,1218,2022,working_sample,observed_eligible_complete,True,True,True,661.021,filing
syndicate_1218_2023.json,1218,2023,working_sample,observed_eligible_complete,True,True,True,785.375,filing
syndicate_1218_2024.json,1218,2024,working_sample,observed_eligible_complete,True,True,True,779.179,filing
syndicate_1221_2014.json,1221,2014,structural_no_eligible_outcome,no_triangle_or_reserve_text,False,False,False,571.088,same_syndicate_median
syndicate_1221_2015.json,1221,2015,working_sample,observed_eligible_complete,True,True,True,327.771,filing
syndicate_1221_2016.json,1221,2016,working_sample,observed_eligible_complete,True,True,True,342.108,filing
syndicate_1221_2017.json,1221,2017,working_sample,observed_eligible_complete,True,True,True,431.675,filing
syndicate_1221_2018.json,1221,2018,working_sample,observed_eligible_complete,True,True,True,476.825,filing
syndicate_1221_2019.json,1221,2019,working_sample,observed_eligible_complete,True,True,True,516.08,filing
syndicate_1221_2020.json,1221,2020,working_sample,observed_eligible_complete,True,True,True,626.096,filing
syndicate_1221_2021.json,1221,2021,working_sample,observed_eligible_complete,True,True,True,704.764,filing
syndicate_1221_2022.json,1221,2022,working_sample,observed_eligible_complete,True,True,True,740.162,filing
syndicate_1221_2023.json,1221,2023,working_sample,observed_eligible_complete,True,True,True,910.762,filing
syndicate_1221_2024.json,1221,2024,working_sample,observed_eligible_complete,True,True,True,907.953,filing
syndicate_1225_2014.json,1225,2014,structural_no_eligible_outcome,no_triangle_or_reserve_text,False,False,False,705.65,same_syndicate_median
syndicate_1225_2015.json,1225,2015,working_sample,observed_eligible_complete,True,True,True,446.8,filing
syndicate_1225_2016.json,1225,2016,scientific_exclusion,non_gross_or_unstated_development,False,False,False,441.4,filing
syndicate_1225_2017.json,1225,2017,working_sample,observed_eligible_complete,True,True,True,545.9,filing
syndicate_1225_2018.json,1225,2018,working_sample,observed_eligible_complete,True,True,True,595.8,filing
syndicate_1225_2019.json,1225,2019,working_sample,observed_eligible_complete,True,True,True,681.2,filing
syndicate_1225_2020.json,1225,2020,working_sample,observed_eligible_complete,True,True,True,730.1,filing
syndicate_1225_2021.json,1225,2021,working_sample,observed_eligible_complete,True,True,True,828.7,filing
syndicate_1225_2022.json,1225,2022,working_sample,observed_eligible_complete,True,True,True,932.2,filing
syndicate_1225_2023.json,1225,2023,working_sample,observed_eligible_complete,True,True,True,1228.9,filing
syndicate_1225_2024.json,1225,2024,working_sample,observed_eligible_complete,True,True,True,1266.831,filing
syndicate_1254_2022.json,1254,2022,eligible_outcome_unavailable,no_usable_development_reading,True,False,False,75.257,filing
syndicate_1254_2023.json,1254,2023,working_sample,observed_eligible_complete,True,True,True,55.574,filing
syndicate_1274_2014.json,1274,2014,structural_no_eligible_outcome,no_triangle_or_reserve_text,False,False,False,744.473215842,same_syndicate_median
syndicate_1274_2015.json,1274,2015,working_sample,observed_eligible_complete,True,True,True,302.535602875,filing
syndicate_1274_2016.json,1274,2016,working_sample,observed_eligible_complete,True,True,True,387.287022777,filing
syndicate_1274_2017.json,1274,2017,working_sample,observed_eligible_complete,True,True,True,389.960085742,filing
syndicate_1274_2018.json,1274,2018,scientific_exclusion,takeon_not_development,False,False,False,549.474261537,filing
syndicate_1274_2019.json,1274,2019,working_sample,observed_eligible_complete,True,True,True,749.990202728,filing
syndicate_1274_2020.json,1274,2020,working_sample,observed_eligible_complete,True,True,True,738.956228956,filing
syndicate_1274_2021.json,1274,2021,working_sample,observed_eligible_complete,True,True,True,798.811851852,filing
syndicate_1274_2022.json,1274,2022,working_sample,observed_eligible_complete,True,True,True,890.16311998,filing
syndicate_1274_2023.json,1274,2023,working_sample,observed_eligible_complete,True,True,True,843.630228361,filing
syndicate_1274_2024.json,1274,2024,working_sample,observed_eligible_complete,True,True,True,911.572558102,filing
syndicate_1301_2014.json,1301,2014,scientific_exclusion,non_gross_or_unstated_development,False,False,False,79.107,filing
syndicate_1301_2015.json,1301,2015,working_sample,observed_eligible_complete,True,True,True,95.746,filing
syndicate_1301_2016.json,1301,2016,working_sample,observed_eligible_complete,True,True,True,136.846,filing
syndicate_1301_2017.json,1301,2017,working_sample,observed_eligible_complete,True,True,True,203.717,filing
syndicate_1301_2018.json,1301,2018,working_sample,observed_eligible_complete,True,True,True,273.46,filing
syndicate_1301_2019.json,1301,2019,working_sample,observed_eligible_complete,True,True,True,388.949,filing
syndicate_1301_2020.json,1301,2020,working_sample,observed_eligible_complete,True,True,True,372.186,filing
syndicate_1301_2021.json,1301,2021,working_sample,observed_eligible_complete,True,True,True,368.995555556,filing
syndicate_1301_2022.json,1301,2022,working_sample,observed_eligible_complete,True,True,True,445.65206591,filing
syndicate_1301_2023.json,1301,2023,working_sample,observed_eligible_complete,True,True,True,617.22592796,filing
syndicate_1301_2024.json,1301,2024,working_sample,observed_eligible_complete,True,True,True,590.244389426,filing
syndicate_1322_2023.json,1322,2023,structural_no_eligible_outcome,no_mature_cohort,False,False,False,,filing
syndicate_1322_2024.json,1322,2024,structural_no_eligible_outcome,no_mature_cohort,False,False,False,,filing
syndicate_1347_2023.json,1347,2023,structural_no_eligible_outcome,no_triangle_or_reserve_text,False,False,False,,filing
syndicate_1400_2014.json,1400,2014,scientific_exclusion,non_gross_or_unstated_development,False,False,False,349.134,filing
syndicate_1400_2015.json,1400,2015,working_sample,observed_eligible_complete,True,True,True,307.165,filing
syndicate_1414_2014.json,1414,2014,scientific_exclusion,non_gross_or_unstated_development,False,False,False,437.896,filing
syndicate_1414_2015.json,1414,2015,working_sample,observed_eligible_complete,True,True,True,444.398,filing
syndicate_1414_2016.json,1414,2016,working_sample,observed_eligible_complete,True,True,True,459.025,filing
syndicate_1414_2017.json,1414,2017,working_sample,observed_eligible_complete,True,True,True,553.084,filing
syndicate_1414_2018.json,1414,2018,working_sample,observed_eligible_complete,True,True,True,822.275,filing
syndicate_1414_2019.json,1414,2019,working_sample,observed_eligible_complete,True,True,True,902.565,filing
syndicate_1414_2020.json,1414,2020,working_sample,observed_eligible_complete,True,True,True,735.556,filing
syndicate_1414_2021.json,1414,2021,working_sample,observed_eligible_complete,True,True,True,722.413,filing
syndicate_1414_2022.json,1414,2022,working_sample,observed_eligible_complete,True,True,True,955.353,filing
syndicate_1414_2023.json,1414,2023,working_sample,observed_eligible_complete,True,True,True,1420.34,filing
syndicate_1414_2024.json,1414,2024,working_sample,observed_eligible_complete,True,True,True,1541.6300615,filing
syndicate_1416_2022.json,1416,2022,structural_no_eligible_outcome,no_mature_cohort,False,False,False,26.1234763516,same_syndicate_median
syndicate_1416_2023.json,1416,2023,working_sample,observed_eligible_complete,True,True,True,15.206780193,filing
syndicate_1416_2024.json,1416,2024,working_sample,observed_eligible_complete,True,True,True,37.0401725102,filing
syndicate_1458_2014.json,1458,2014,working_sample,observed_eligible_complete,True,True,True,128.321,filing
syndicate_1458_2015.json,1458,2015,working_sample,observed_eligible_complete,True,True,True,180.54,filing
syndicate_1458_2016.json,1458,2016,working_sample,observed_eligible_complete,True,True,True,250.456691,filing
syndicate_1458_2017.json,1458,2017,working_sample,observed_eligible_complete,True,True,True,399.227441,filing
syndicate_1458_2018.json,1458,2018,working_sample,observed_eligible_complete,True,True,True,730.772362,filing
syndicate_1458_2019.json,1458,2019,working_sample,observed_eligible_complete,True,True,True,963.88,filing
syndicate_1458_2020.json,1458,2020,scientific_exclusion,non_gross_or_unstated_development,False,False,False,1051.01657,filing
syndicate_1458_2021.json,1458,2021,working_sample,observed_eligible_complete,True,True,True,1299.77037037,filing
syndicate_1458_2022.json,1458,2022,working_sample,observed_eligible_complete,True,True,True,1586.04704066,filing
syndicate_1458_2023.json,1458,2023,working_sample,observed_eligible_complete,True,True,True,1820.39187083,filing
syndicate_1458_2024.json,1458,2024,working_sample,observed_eligible_complete,True,True,True,1637.71264276,filing
syndicate_1492_2015.json,1492,2015,structural_no_eligible_outcome,no_mature_cohort,False,False,False,149.8735,same_syndicate_median
syndicate_1492_2016.json,1492,2016,structural_no_eligible_outcome,no_mature_cohort,False,False,False,149.8735,same_syndicate_median
syndicate_1492_2017.json,1492,2017,working_sample,observed_eligible_complete,True,True,True,12.607,filing
syndicate_1492_2018.json,1492,2018,working_sample,observed_eligible_complete,True,True,True,74.985,filing
syndicate_1492_2019.json,1492,2019,working_sample,observed_eligible_complete,True,True,True,95.568,filing
syndicate_1492_2020.json,1492,2020,working_sample,observed_eligible_complete,True,True,True,134.858,filing
syndicate_1492_2021.json,1492,2021,working_sample,observed_eligible_complete,True,True,True,164.889,filing
syndicate_1492_2022.json,1492,2022,scientific_exclusion,non_gross_or_unstated_development,False,False,False,192.604,filing
syndicate_1492_2023.json,1492,2023,working_sample,observed_eligible_complete,True,True,True,256.035,filing
syndicate_1492_2024.json,1492,2024,working_sample,observed_eligible_complete,True,True,True,240.164,filing
syndicate_1609_2021.json,1609,2021,structural_no_eligible_outcome,no_triangle_or_reserve_text,False,False,False,115.687739332,same_syndicate_median
syndicate_1609_2022.json,1609,2022,structural_no_eligible_outcome,no_mature_cohort,False,False,False,115.687739332,same_syndicate_median
syndicate_1609_2023.json,1609,2023,working_sample,observed_eligible_complete,True,True,True,69.7190614455,filing
syndicate_1609_2024.json,1609,2024,working_sample,observed_eligible_complete,True,True,True,161.656417219,filing
syndicate_1618_2021.json,1618,2021,structural_no_eligible_outcome,no_mature_cohort,False,False,False,470.16267239,same_syndicate_median
syndicate_1618_2022.json,1618,2022,structural_no_eligible_outcome,no_mature_cohort,False,False,False,470.16267239,same_syndicate_median
syndicate_1618_2023.json,1618,2023,working_sample,observed_eligible_complete,True,True,True,355.253864867,filing
syndicate_1618_2024.json,1618,2024,working_sample,observed_eligible_complete,True,True,True,585.071479914,filing
syndicate_1686_2014.json,1686,2014,structural_no_eligible_outcome,no_triangle_or_reserve_text,False,False,False,532.41472698,same_syndicate_median
syndicate_1686_2015.json,1686,2015,structural_no_eligible_outcome,no_mature_cohort,False,False,False,532.41472698,same_syndicate_median
syndicate_1686_2016.json,1686,2016,working_sample,observed_eligible_complete,True,True,True,130.738429116,filing
syndicate_1686_2017.json,1686,2017,working_sample,observed_eligible_complete,True,True,True,150.186266539,filing
syndicate_1686_2018.json,1686,2018,working_sample,observed_eligible_complete,True,True,True,318.426702186,filing
syndicate_1686_2019.json,1686,2019,working_sample,observed_eligible_complete,True,True,True,399.250131886,filing
syndicate_1686_2020.json,1686,2020,working_sample,observed_eligible_complete,True,True,True,532.41472698,filing
syndicate_1686_2021.json,1686,2021,scientific_exclusion,non_gross_or_unstated_development,False,False,False,869.337037037,filing
syndicate_1686_2022.json,1686,2022,working_sample,observed_eligible_complete,True,True,True,1794.45060859,filing
syndicate_1686_2023.json,1686,2023,working_sample,observed_eligible_complete,True,True,True,1658.66514949,filing
syndicate_1686_2024.json,1686,2024,working_sample,observed_eligible_complete,True,True,True,1806.97867582,filing
syndicate_1699_2022.json,1699,2022,structural_no_eligible_outcome,no_triangle_or_reserve_text,False,False,False,60.867,same_syndicate_median
syndicate_1699_2023.json,1699,2023,structural_no_eligible_outcome,no_mature_cohort,False,False,False,60.867,same_syndicate_median
syndicate_1699_2024.json,1699,2024,working_sample,observed_eligible_complete,True,True,True,60.867,filing
syndicate_1729_2014.json,1729,2014,structural_no_eligible_outcome,no_triangle_or_reserve_text,False,False,False,122.8225,same_syndicate_median
syndicate_1729_2015.json,1729,2015,scientific_exclusion,non_gross_or_unstated_development,False,False,False,12.419,filing
syndicate_1729_2016.json,1729,2016,working_sample,observed_eligible_complete,True,True,True,26.778,filing
syndicate_1729_2017.json,1729,2017,working_sample,observed_eligible_complete,True,True,True,54.925,filing
syndicate_1729_2018.json,1729,2018,working_sample,observed_eligible_complete,True,True,True,88.097,filing
syndicate_1729_2019.json,1729,2019,working_sample,observed_eligible_complete,True,True,True,114.024,filing
syndicate_1729_2020.json,1729,2020,working_sample,observed_eligible_complete,True,True,True,131.621,filing
syndicate_1729_2021.json,1729,2021,working_sample,observed_eligible_complete,True,True,True,157.079,filing
syndicate_1729_2022.json,1729,2022,working_sample,observed_eligible_complete,True,True,True,193.83,filing
syndicate_1729_2023.json,1729,2023,working_sample,observed_eligible_complete,True,True,True,268.184101075,filing
syndicate_1729_2024.json,1729,2024,working_sample,observed_eligible_complete,True,True,True,294.565929239,filing
syndicate_1796_2021.json,1796,2021,structural_no_eligible_outcome,no_triangle_or_reserve_text,False,False,False,1.95350561743,same_syndicate_median
syndicate_1796_2022.json,1796,2022,structural_no_eligible_outcome,no_mature_cohort,False,False,False,1.95350561743,same_syndicate_median
syndicate_1796_2023.json,1796,2023,scientific_exclusion,non_gross_or_unstated_development,False,False,False,0.361767244762,filing
syndicate_1796_2024.json,1796,2024,working_sample,observed_eligible_complete,True,True,True,3.5452439901,filing
syndicate_1840_2020.json,1840,2020,structural_no_eligible_outcome,no_mature_cohort,False,False,False,0.616,same_syndicate_median
syndicate_1840_2021.json,1840,2021,structural_no_eligible_outcome,no_mature_cohort,False,False,False,0.616,same_syndicate_median
syndicate_1840_2022.json,1840,2022,structural_no_eligible_outcome,no_mature_cohort,False,False,False,0.616,same_syndicate_median
syndicate_1840_2023.json,1840,2023,working_sample,observed_eligible_complete,True,True,True,0.209,filing
syndicate_1840_2024.json,1840,2024,eligible_observed_composition_unavailable,missing_lob_composition,True,False,True,1.023,filing
syndicate_1856_2017.json,1856,2017,structural_no_eligible_outcome,no_mature_cohort,False,False,False,184.673,same_syndicate_median
syndicate_1856_2018.json,1856,2018,scientific_exclusion,takeon_not_development,False,False,False,92.031,filing
syndicate_1856_2019.json,1856,2019,working_sample,observed_eligible_complete,True,True,True,185.769,filing
syndicate_1856_2020.json,1856,2020,scientific_exclusion,takeon_not_development,False,False,False,184.673,filing
syndicate_1856_2021.json,1856,2021,working_sample,observed_eligible_complete,True,True,True,142.225,filing
syndicate_1856_2022.json,1856,2022,working_sample,observed_eligible_complete,True,True,True,166.393,filing
syndicate_1856_2023.json,1856,2023,working_sample,observed_eligible_complete,True,True,True,383.6,filing
syndicate_1856_2024.json,1856,2024,working_sample,observed_eligible_complete,True,True,True,556.647232649,filing
syndicate_1861_2014.json,1861,2014,scientific_exclusion,non_gross_or_unstated_development,False,False,False,183.321,filing
syndicate_1861_2015.json,1861,2015,working_sample,observed_eligible_complete,True,True,True,224.779,filing
syndicate_1861_2016.json,1861,2016,working_sample,observed_eligible_complete,True,True,True,205.441,filing
syndicate_1861_2017.json,1861,2017,working_sample,observed_eligible_complete,True,True,True,324.16,filing
syndicate_1861_2018.json,1861,2018,working_sample,observed_eligible_complete,True,True,True,385.226,filing
syndicate_1861_2019.json,1861,2019,working_sample,observed_eligible_complete,True,True,True,510.238,filing
syndicate_1861_2020.json,1861,2020,scientific_exclusion,non_gross_or_unstated_development,False,False,False,456.646,filing
syndicate_1861_2021.json,1861,2021,working_sample,observed_eligible_complete,True,True,True,770.971,filing
syndicate_1861_2022.json,1861,2022,working_sample,observed_eligible_complete,True,True,True,391.956,filing
syndicate_1880_2014.json,1880,2014,scientific_exclusion,non_gross_or_unstated_development,False,False,False,174.135,filing
syndicate_1880_2015.json,1880,2015,working_sample,observed_eligible_complete,True,True,True,133.7,filing
syndicate_1880_2016.json,1880,2016,working_sample,observed_eligible_complete,True,True,True,167.948,filing
syndicate_1880_2017.json,1880,2017,working_sample,observed_eligible_complete,True,True,True,232.724,filing
syndicate_1880_2018.json,1880,2018,scientific_exclusion,non_gross_or_unstated_development,False,False,False,267.622,filing
syndicate_1880_2019.json,1880,2019,working_sample,observed_eligible_complete,True,True,True,309.154,filing
syndicate_1880_2020.json,1880,2020,scientific_exclusion,non_gross_or_unstated_development,False,False,False,350.458,filing
syndicate_1880_2021.json,1880,2021,working_sample,observed_eligible_complete,True,True,True,385.104,filing
syndicate_1880_2022.json,1880,2022,working_sample,observed_eligible_complete,True,True,True,375.528,filing
syndicate_1880_2023.json,1880,2023,working_sample,observed_eligible_complete,True,True,True,500,filing
syndicate_1880_2024.json,1880,2024,working_sample,observed_eligible_complete,True,True,True,480.668,filing
syndicate_1882_2014.json,1882,2014,structural_no_eligible_outcome,no_triangle_or_reserve_text,False,False,False,155.304,same_syndicate_median
syndicate_1882_2015.json,1882,2015,scientific_exclusion,non_gross_or_unstated_development,False,False,False,130.264,filing
syndicate_1882_2016.json,1882,2016,scientific_exclusion,non_gross_or_unstated_development,False,False,False,146.426,filing
syndicate_1882_2017.json,1882,2017,working_sample,observed_eligible_complete,True,True,True,188.563,filing
syndicate_1882_2018.json,1882,2018,eligible_observed_composition_unavailable,missing_lob_composition,True,False,True,164.182,filing
syndicate_1884_2015.json,1884,2015,structural_no_eligible_outcome,no_mature_cohort,False,False,False,128.664,same_syndicate_median
syndicate_1884_2016.json,1884,2016,structural_no_eligible_outcome,no_mature_cohort,False,False,False,128.664,same_syndicate_median
syndicate_1884_2017.json,1884,2017,working_sample,observed_eligible_complete,True,True,True,44.009,filing
syndicate_1884_2018.json,1884,2018,working_sample,observed_eligible_complete,True,True,True,104.513,filing
syndicate_1884_2019.json,1884,2019,working_sample,observed_eligible_complete,True,True,True,128.664,filing
syndicate_1884_2020.json,1884,2020,working_sample,observed_eligible_complete,True,True,True,114.931,filing
syndicate_1884_2021.json,1884,2021,working_sample,observed_eligible_complete,True,True,True,913.496,filing
syndicate_1884_2022.json,1884,2022,structural_no_eligible_outcome,no_triangle_or_reserve_text,False,False,False,128.664,same_syndicate_median
syndicate_1884_2023.json,1884,2023,working_sample,observed_eligible_complete,True,True,True,611.867,filing
syndicate_1884_2024.json,1884,2024,working_sample,observed_eligible_complete,True,True,True,449.383,filing
syndicate_1892_2019.json,1892,2019,structural_no_eligible_outcome,no_mature_cohort,False,False,False,17.0285,same_syndicate_median
syndicate_1892_2020.json,1892,2020,structural_no_eligible_outcome,no_mature_cohort,False,False,False,17.0285,same_syndicate_median
syndicate_1892_2021.json,1892,2021,eligible_observed_composition_unavailable,missing_lob_composition,True,False,True,15.424,filing
syndicate_1892_2022.json,1892,2022,eligible_observed_composition_unavailable,missing_lob_composition,True,False,True,15.136,filing
syndicate_1892_2023.json,1892,2023,eligible_observed_composition_unavailable,missing_lob_composition,True,False,True,18.633,filing
syndicate_1892_2024.json,1892,2024,working_sample,observed_eligible_complete,True,True,True,24.17,filing
syndicate_1897_2014.json,1897,2014,structural_no_eligible_outcome,no_triangle_or_reserve_text,False,False,False,110.206,same_syndicate_median
syndicate_1897_2015.json,1897,2015,working_sample,observed_eligible_complete,True,True,True,71.636,filing
syndicate_1897_2016.json,1897,2016,working_sample,observed_eligible_complete,True,True,True,77.314,filing
syndicate_1897_2017.json,1897,2017,working_sample,observed_eligible_complete,True,True,True,110.206,filing
syndicate_1897_2018.json,1897,2018,working_sample,observed_eligible_complete,True,True,True,152.455,filing
syndicate_1897_2019.json,1897,2019,working_sample,observed_eligible_complete,True,True,True,169.32,filing
syndicate_1902_2022.json,1902,2022,structural_no_eligible_outcome,no_mature_cohort,False,False,False,,filing
syndicate_1902_2023.json,1902,2023,structural_no_eligible_outcome,no_mature_cohort,False,False,False,,filing
syndicate_1902_2024.json,1902,2024,structural_no_eligible_outcome,no_triangle_or_reserve_text,False,False,False,,filing
syndicate_1910_2014.json,1910,2014,scientific_exclusion,non_gross_or_unstated_development,False,False,False,69.876,filing
syndicate_1910_2015.json,1910,2015,working_sample,observed_eligible_complete,True,True,True,76.621,filing
syndicate_1910_2016.json,1910,2016,working_sample,observed_eligible_complete,True,True,True,95.413,filing
syndicate_1910_2017.json,1910,2017,working_sample,observed_eligible_complete,True,True,True,180.1,filing
syndicate_1910_2018.json,1910,2018,working_sample,observed_eligible_complete,True,True,True,322.1,filing
syndicate_1910_2019.json,1910,2019,working_sample,observed_eligible_complete,True,True,True,416.6,filing
syndicate_1910_2020.json,1910,2020,eligible_observed_composition_unavailable,missing_lob_composition,True,False,True,379.4,filing
syndicate_1910_2021.json,1910,2021,eligible_observed_composition_unavailable,missing_lob_composition,True,False,True,379.4,filing
syndicate_1910_2022.json,1910,2022,eligible_observed_composition_unavailable,missing_lob_composition,True,False,True,458,filing
syndicate_1910_2023.json,1910,2023,working_sample,observed_eligible_complete,True,True,True,792.7,filing
syndicate_1910_2024.json,1910,2024,working_sample,observed_eligible_complete,True,True,True,448.1,filing
syndicate_1919_2014.json,1919,2014,scientific_exclusion,non_gross_or_unstated_development,False,False,False,439.819,filing
syndicate_1919_2015.json,1919,2015,working_sample,observed_eligible_complete,True,True,True,473.625,filing
syndicate_1919_2016.json,1919,2016,working_sample,observed_eligible_complete,True,True,True,411.419,filing
syndicate_1919_2017.json,1919,2017,working_sample,observed_eligible_complete,True,True,True,506.799,filing
syndicate_1919_2018.json,1919,2018,working_sample,observed_eligible_complete,True,True,True,507.976181149,filing
syndicate_1919_2019.json,1919,2019,working_sample,observed_eligible_complete,True,True,True,532.805787927,filing
syndicate_1919_2020.json,1919,2020,working_sample,observed_eligible_complete,True,True,True,577.343727126,filing
syndicate_1919_2021.json,1919,2021,working_sample,observed_eligible_complete,True,True,True,587.683703704,filing
syndicate_1919_2022.json,1919,2022,working_sample,observed_eligible_complete,True,True,True,732.841765339,filing
syndicate_1919_2023.json,1919,2023,working_sample,observed_eligible_complete,True,True,True,786.348583536,filing
syndicate_1919_2024.json,1919,2024,working_sample,observed_eligible_complete,True,True,True,811.856081783,filing
syndicate_1922_2024.json,1922,2024,structural_no_eligible_outcome,no_triangle_or_reserve_text,False,False,False,,filing
syndicate_1925_2024.json,1925,2024,structural_no_eligible_outcome,no_mature_cohort,False,False,False,,filing
syndicate_1945_2014.json,1945,2014,scientific_exclusion,non_gross_or_unstated_development,False,False,False,25.444,filing
syndicate_1945_2015.json,1945,2015,working_sample,observed_eligible_complete,True,True,True,33.525,filing
syndicate_1945_2016.json,1945,2016,working_sample,observed_eligible_complete,True,True,True,48.51,filing
syndicate_1945_2017.json,1945,2017,working_sample,observed_eligible_complete,True,True,True,77.173,filing
syndicate_1945_2018.json,1945,2018,working_sample,observed_eligible_complete,True,True,True,116.486,filing
syndicate_1945_2019.json,1945,2019,working_sample,observed_eligible_complete,True,True,True,101.997,filing
syndicate_1945_2020.json,1945,2020,working_sample,observed_eligible_complete,True,True,True,96.577,filing
syndicate_1945_2021.json,1945,2021,working_sample,observed_eligible_complete,True,True,True,168.966,filing
syndicate_1945_2022.json,1945,2022,working_sample,observed_eligible_complete,True,True,True,167.23,filing
syndicate_1945_2023.json,1945,2023,working_sample,observed_eligible_complete,True,True,True,197.926,filing
syndicate_1945_2024.json,1945,2024,working_sample,observed_eligible_complete,True,True,True,220.243,filing
syndicate_1947_2018.json,1947,2018,structural_no_eligible_outcome,no_triangle_or_reserve_text,False,False,False,102.154,same_syndicate_median
syndicate_1947_2019.json,1947,2019,scientific_exclusion,non_gross_or_unstated_development,False,False,False,20.974,filing
syndicate_1947_2020.json,1947,2020,working_sample,observed_eligible_complete,True,True,True,43.15,filing
syndicate_1947_2021.json,1947,2021,working_sample,observed_eligible_complete,True,True,True,87.793,filing
syndicate_1947_2022.json,1947,2022,working_sample,observed_eligible_complete,True,True,True,116.515,filing
syndicate_1947_2023.json,1947,2023,working_sample,observed_eligible_complete,True,True,True,181.515,filing
syndicate_1947_2024.json,1947,2024,working_sample,observed_eligible_complete,True,True,True,169.218,filing
syndicate_1955_2014.json,1955,2014,scientific_exclusion,non_gross_or_unstated_development,False,False,False,361.783,filing
syndicate_1955_2015.json,1955,2015,working_sample,observed_eligible_complete,True,True,True,418.878,filing
syndicate_1955_2018.json,1955,2018,working_sample,observed_eligible_complete,True,True,True,748.9,filing
syndicate_1955_2019.json,1955,2019,working_sample,observed_eligible_complete,True,True,True,830.4,filing
syndicate_1955_2020.json,1955,2020,working_sample,observed_eligible_complete,True,True,True,821.6,filing
syndicate_1955_2021.json,1955,2021,working_sample,observed_eligible_complete,True,True,True,794.858,filing
syndicate_1955_2022.json,1955,2022,working_sample,observed_eligible_complete,True,True,True,418.211,filing
syndicate_1955_2023.json,1955,2023,working_sample,observed_eligible_complete,True,True,True,813.594,filing
syndicate_1955_2024.json,1955,2024,working_sample,observed_eligible_complete,True,True,True,912.625,filing
syndicate_1967_2014.json,1967,2014,working_sample,observed_eligible_complete,True,True,True,59.82,filing
syndicate_1967_2015.json,1967,2015,working_sample,observed_eligible_complete,True,True,True,82.2358605724,filing
syndicate_1967_2016.json,1967,2016,working_sample,observed_eligible_complete,True,True,True,108.312393613,filing
syndicate_1967_2017.json,1967,2017,working_sample,observed_eligible_complete,True,True,True,122.143543499,filing
syndicate_1967_2018.json,1967,2018,working_sample,observed_eligible_complete,True,True,True,192.812034788,filing
syndicate_1967_2019.json,1967,2019,working_sample,observed_eligible_complete,True,True,True,194.553470495,filing
syndicate_1967_2020.json,1967,2020,working_sample,observed_eligible_complete,True,True,True,204.086517347,filing
syndicate_1967_2021.json,1967,2021,working_sample,observed_eligible_complete,True,True,True,402.902962963,filing
syndicate_1967_2022.json,1967,2022,working_sample,observed_eligible_complete,True,True,True,465.131241202,filing
syndicate_1967_2023.json,1967,2023,working_sample,observed_eligible_complete,True,True,True,461.132386408,filing
syndicate_1967_2024.json,1967,2024,working_sample,observed_eligible_complete,True,True,True,483.247344461,filing
syndicate_1969_2014.json,1969,2014,scientific_exclusion,non_gross_or_unstated_development,False,False,False,69.179,filing
syndicate_1969_2015.json,1969,2015,working_sample,observed_eligible_complete,True,True,True,88.819,filing
syndicate_1969_2016.json,1969,2016,working_sample,observed_eligible_complete,True,True,True,134.089324795,filing
syndicate_1969_2017.json,1969,2017,working_sample,observed_eligible_complete,True,True,True,170.71623919,filing
syndicate_1969_2018.json,1969,2018,working_sample,observed_eligible_complete,True,True,True,295.642090418,filing
syndicate_1969_2019.json,1969,2019,working_sample,observed_eligible_complete,True,True,True,428.261361067,filing
syndicate_1969_2020.json,1969,2020,working_sample,observed_eligible_complete,True,True,True,446.010832967,filing
syndicate_1969_2021.json,1969,2021,working_sample,observed_eligible_complete,True,True,True,498.542962963,filing
syndicate_1969_2022.json,1969,2022,working_sample,observed_eligible_complete,True,True,True,599.733377494,filing
syndicate_1969_2023.json,1969,2023,working_sample,observed_eligible_complete,True,True,True,643.307698344,filing
syndicate_1969_2024.json,1969,2024,working_sample,observed_eligible_complete,True,True,True,720.009583899,filing
syndicate_1971_2019.json,1971,2019,structural_no_eligible_outcome,no_mature_cohort,False,False,False,193.2418273,same_syndicate_median
syndicate_1971_2020.json,1971,2020,structural_no_eligible_outcome,no_mature_cohort,False,False,False,193.2418273,same_syndicate_median
syndicate_1971_2021.json,1971,2021,eligible_observed_composition_unavailable,missing_lob_composition,True,False,True,59.5303703704,filing
syndicate_1971_2022.json,1971,2022,working_sample,observed_eligible_complete,True,True,True,153.57539124,filing
syndicate_1971_2023.json,1971,2023,working_sample,observed_eligible_complete,True,True,True,232.90826336,filing
syndicate_1971_2024.json,1971,2024,working_sample,observed_eligible_complete,True,True,True,334.733647472,filing
syndicate_1975_2018.json,1975,2018,structural_no_eligible_outcome,no_triangle_or_reserve_text,False,False,False,79.921,same_syndicate_median
syndicate_1975_2019.json,1975,2019,structural_no_eligible_outcome,no_triangle_or_reserve_text,False,False,False,79.921,same_syndicate_median
syndicate_1975_2020.json,1975,2020,working_sample,observed_eligible_complete,True,True,True,39.864,filing
syndicate_1975_2021.json,1975,2021,working_sample,observed_eligible_complete,True,True,True,81.617,filing
syndicate_1975_2022.json,1975,2022,working_sample,observed_eligible_complete,True,True,True,79.921,filing
syndicate_1980_2018.json,1980,2018,scientific_exclusion,takeon_not_development,False,False,False,127.879808822,filing
syndicate_1980_2019.json,1980,2019,structural_no_eligible_outcome,no_mature_cohort,False,False,False,127.879808822,same_syndicate_median
syndicate_1985_2023.json,1985,2023,structural_no_eligible_outcome,no_mature_cohort,False,False,False,,filing
syndicate_1985_2024.json,1985,2024,structural_no_eligible_outcome,no_triangle_or_reserve_text,False,False,False,,filing
syndicate_1988_2022.json,1988,2022,structural_no_eligible_outcome,no_mature_cohort,False,False,False,41.6526720552,same_syndicate_median
syndicate_1988_2023.json,1988,2023,working_sample,observed_eligible_complete,True,True,True,41.6526720552,filing
syndicate_1988_2024.json,1988,2024,structural_no_eligible_outcome,no_triangle_or_reserve_text,False,False,False,41.6526720552,same_syndicate_median
syndicate_1991_2014.json,1991,2014,structural_no_eligible_outcome,no_triangle_or_reserve_text,False,False,False,92.4605,same_syndicate_median
syndicate_1991_2015.json,1991,2015,working_sample,observed_eligible_complete,True,True,True,11.073,filing
syndicate_1991_2016.json,1991,2016,working_sample,observed_eligible_complete,True,True,True,36.521,filing
syndicate_1991_2017.json,1991,2017,working_sample,observed_eligible_complete,True,True,True,77.553,filing
syndicate_1991_2018.json,1991,2018,working_sample,observed_eligible_complete,True,True,True,107.368,filing
syndicate_1991_2019.json,1991,2019,working_sample,observed_eligible_complete,True,True,True,145.985,filing
syndicate_1991_2020.json,1991,2020,working_sample,observed_eligible_complete,True,True,True,160.783,filing
syndicate_1994_2021.json,1994,2021,scientific_exclusion,no_positive_reserve_base,False,False,False,106.566568165,same_syndicate_median
syndicate_1994_2024.json,1994,2024,working_sample,observed_eligible_complete,True,True,True,106.566568165,filing
syndicate_1996_2024.json,1996,2024,working_sample,observed_eligible_complete,True,True,True,0.139,filing
syndicate_2001_2014.json,2001,2014,scientific_exclusion,non_gross_or_unstated_development,False,False,False,1537,filing
syndicate_2001_2015.json,2001,2015,working_sample,observed_eligible_complete,True,True,True,1657.7,filing
syndicate_2001_2016.json,2001,2016,working_sample,observed_eligible_complete,True,True,True,1601,filing
syndicate_2001_2017.json,2001,2017,working_sample,observed_eligible_complete,True,True,True,2068,filing
syndicate_2001_2018.json,2001,2018,working_sample,observed_eligible_complete,True,True,True,2911.3,filing
syndicate_2001_2019.json,2001,2019,working_sample,observed_eligible_complete,True,True,True,3458.9,filing
syndicate_2001_2020.json,2001,2020,working_sample,observed_eligible_complete,True,True,True,3345.9,filing
syndicate_2001_2021.json,2001,2021,working_sample,observed_eligible_complete,True,True,True,3340.2,filing
syndicate_2001_2022.json,2001,2022,working_sample,observed_eligible_complete,True,True,True,3048.8,filing
syndicate_2001_2023.json,2001,2023,working_sample,observed_eligible_complete,True,True,True,3045.2,filing
syndicate_2001_2024.json,2001,2024,working_sample,observed_eligible_complete,True,True,True,1713.327,filing
syndicate_2003_2014.json,2003,2014,working_sample,observed_eligible_complete,True,True,True,2693.05494929,filing
syndicate_2003_2015.json,2003,2015,scientific_exclusion,non_gross_or_unstated_development,False,False,False,2702.48948867,filing
syndicate_2003_2016.json,2003,2016,working_sample,observed_eligible_complete,True,True,True,3204.46137635,filing
syndicate_2003_2017.json,2003,2017,working_sample,observed_eligible_complete,True,True,True,3062.66464632,filing
syndicate_2003_2018.json,2003,2018,scientific_exclusion,takeon_not_development,False,False,False,4187.15349056,filing
syndicate_2003_2019.json,2003,2019,working_sample,observed_eligible_complete,True,True,True,4462.80578793,filing
syndicate_2003_2020.json,2003,2020,working_sample,observed_eligible_complete,True,True,True,4349.551,filing
syndicate_2007_2014.json,2007,2014,scientific_exclusion,non_gross_or_unstated_development,False,False,False,1170.467,filing
syndicate_2007_2015.json,2007,2015,working_sample,observed_eligible_complete,True,True,True,1162.555,filing
syndicate_2007_2016.json,2007,2016,working_sample,observed_eligible_complete,True,True,True,1157.9,filing
syndicate_2007_2017.json,2007,2017,working_sample,observed_eligible_complete,True,True,True,1394.7,filing
syndicate_2007_2018.json,2007,2018,working_sample,observed_eligible_complete,True,True,True,1561.969,filing
syndicate_2007_2019.json,2007,2019,working_sample,observed_eligible_complete,True,True,True,965.311,filing
syndicate_2008_2014.json,2008,2014,scientific_exclusion,non_gross_or_unstated_development,False,False,False,348.328,filing
syndicate_2008_2015.json,2008,2015,working_sample,observed_eligible_complete,True,True,True,393.365,filing
syndicate_2008_2016.json,2008,2016,working_sample,observed_eligible_complete,True,True,True,476.634,filing
syndicate_2008_2018.json,2008,2018,working_sample,observed_eligible_complete,True,True,True,1620.616,filing
syndicate_2008_2019.json,2008,2019,working_sample,observed_eligible_complete,True,True,True,2032.608,filing
syndicate_2008_2021.json,2008,2021,scientific_exclusion,takeon_not_development,False,False,False,1297.112,filing
syndicate_2008_2023.json,2008,2023,working_sample,observed_eligible_complete,True,True,True,1421.221,filing
syndicate_2010_2014.json,2010,2014,working_sample,observed_eligible_complete,True,True,True,295.177,filing
syndicate_2010_2015.json,2010,2015,working_sample,observed_eligible_complete,True,True,True,286.04977621,filing
syndicate_2010_2016.json,2010,2016,working_sample,observed_eligible_complete,True,True,True,268.543406014,filing
syndicate_2010_2017.json,2010,2017,working_sample,observed_eligible_complete,True,True,True,223.729765689,filing
syndicate_2010_2018.json,2010,2018,working_sample,observed_eligible_complete,True,True,True,382.603619839,filing
syndicate_2010_2019.json,2010,2019,working_sample,observed_eligible_complete,True,True,True,365.760042204,filing
syndicate_2010_2020.json,2010,2020,working_sample,observed_eligible_complete,True,True,True,341.794027229,filing
syndicate_2010_2021.json,2010,2021,working_sample,observed_eligible_complete,True,True,True,359.385185185,filing
syndicate_2010_2022.json,2010,2022,working_sample,observed_eligible_complete,True,True,True,469.300322928,filing
syndicate_2010_2023.json,2010,2023,working_sample,observed_eligible_complete,True,True,True,526.339166601,filing
syndicate_2010_2024.json,2010,2024,working_sample,observed_eligible_complete,True,True,True,444.575513138,filing
syndicate_2012_2014.json,2012,2014,scientific_exclusion,non_gross_or_unstated_development,False,False,False,217.751,filing
syndicate_2012_2015.json,2012,2015,working_sample,observed_eligible_complete,True,True,True,237.674,filing
syndicate_2012_2016.json,2012,2016,working_sample,observed_eligible_complete,True,True,True,223.495,filing
syndicate_2012_2017.json,2012,2017,working_sample,observed_eligible_complete,True,True,True,267.287,filing
syndicate_2012_2018.json,2012,2018,working_sample,observed_eligible_complete,True,True,True,296.828,filing
syndicate_2012_2019.json,2012,2019,working_sample,observed_eligible_complete,True,True,True,310.931,filing
syndicate_2014_2014.json,2014,2014,structural_no_eligible_outcome,no_triangle_or_reserve_text,False,False,False,141.815,same_syndicate_median
syndicate_2014_2015.json,2014,2015,working_sample,observed_eligible_complete,True,True,True,18.715,filing
syndicate_2014_2016.json,2014,2016,working_sample,observed_eligible_complete,True,True,True,53.254,filing
syndicate_2014_2017.json,2014,2017,working_sample,observed_eligible_complete,True,True,True,141.815,filing
syndicate_2014_2018.json,2014,2018,working_sample,observed_eligible_complete,True,True,True,205.27,filing
syndicate_2014_2019.json,2014,2019,working_sample,observed_eligible_complete,True,True,True,269.921,filing
syndicate_2015_2014.json,2015,2014,scientific_exclusion,non_gross_or_unstated_development,False,False,False,64.958,filing
syndicate_2015_2015.json,2015,2015,working_sample,observed_eligible_complete,True,True,True,102.816,filing
syndicate_2015_2016.json,2015,2016,working_sample,observed_eligible_complete,True,True,True,153.765,filing
syndicate_2015_2017.json,2015,2017,working_sample,observed_eligible_complete,True,True,True,210.466,filing
syndicate_2015_2018.json,2015,2018,working_sample,observed_eligible_complete,True,True,True,321.768,filing
syndicate_2015_2019.json,2015,2019,working_sample,observed_eligible_complete,True,True,True,348.027,filing
syndicate_2015_2020.json,2015,2020,working_sample,observed_eligible_complete,True,True,True,296.933,filing
syndicate_2015_2021.json,2015,2021,scientific_exclusion,non_gross_or_unstated_development,False,False,False,145.119,filing
syndicate_2015_2022.json,2015,2022,working_sample,observed_eligible_complete,True,True,True,184.872,filing
syndicate_2015_2023.json,2015,2023,scientific_exclusion,non_gross_or_unstated_development,False,False,False,243.555,filing
syndicate_2015_2024.json,2015,2024,working_sample,observed_eligible_complete,True,True,True,288.884,filing
syndicate_2019_2020.json,2019,2020,structural_no_eligible_outcome,no_mature_cohort,False,False,False,469.748096994,same_syndicate_median
syndicate_2019_2021.json,2019,2021,structural_no_eligible_outcome,no_mature_cohort,False,False,False,469.748096994,same_syndicate_median
syndicate_2019_2022.json,2019,2022,working_sample,observed_eligible_complete,True,True,True,426.513206922,filing
syndicate_2019_2023.json,2019,2023,working_sample,observed_eligible_complete,True,True,True,469.748096994,filing
syndicate_2019_2024.json,2019,2024,working_sample,observed_eligible_complete,True,True,True,485.623352767,filing
syndicate_2024_2024.json,2024,2024,structural_no_eligible_outcome,no_mature_cohort,False,False,False,,filing
syndicate_2088_2014.json,2088,2014,structural_no_eligible_outcome,no_triangle_or_reserve_text,False,False,False,116.631,same_syndicate_median
syndicate_2088_2015.json,2088,2015,working_sample,observed_eligible_complete,True,True,True,75.697,filing
syndicate_2088_2016.json,2088,2016,scientific_exclusion,non_gross_or_unstated_development,False,False,False,81.142,filing
syndicate_2088_2017.json,2088,2017,scientific_exclusion,non_gross_or_unstated_development,False,False,False,116.631,filing
syndicate_2088_2018.json,2088,2018,working_sample,observed_eligible_complete,True,True,True,172.746,filing
syndicate_2088_2019.json,2088,2019,working_sample,observed_eligible_complete,True,True,True,262.747,filing
syndicate_2121_2014.json,2121,2014,scientific_exclusion,non_gross_or_unstated_development,False,False,False,231.724,filing
syndicate_2121_2015.json,2121,2015,working_sample,observed_eligible_complete,True,True,True,218.224,filing
syndicate_2121_2016.json,2121,2016,working_sample,observed_eligible_complete,True,True,True,215.546,filing
syndicate_2121_2017.json,2121,2017,working_sample,observed_eligible_complete,True,True,True,264.389,filing
syndicate_2121_2018.json,2121,2018,working_sample,observed_eligible_complete,True,True,True,327.578,filing
syndicate_2121_2019.json,2121,2019,working_sample,observed_eligible_complete,True,True,True,411.463,filing
syndicate_2121_2020.json,2121,2020,working_sample,observed_eligible_complete,True,True,True,492.277,filing
syndicate_2121_2021.json,2121,2021,scientific_exclusion,non_gross_or_unstated_development,False,False,False,632.132,filing
syndicate_2121_2022.json,2121,2022,working_sample,observed_eligible_complete,True,True,True,731.072,filing
syndicate_2121_2023.json,2121,2023,working_sample,observed_eligible_complete,True,True,True,963.993,filing
syndicate_2121_2024.json,2121,2024,working_sample,observed_eligible_complete,True,True,True,991.495,filing
syndicate_218_2015.json,218,2015,working_sample,observed_eligible_complete,True,True,True,577.705,filing
syndicate_218_2016.json,218,2016,working_sample,observed_eligible_complete,True,True,True,570.85,filing
syndicate_218_2017.json,218,2017,working_sample,observed_eligible_complete,True,True,True,713.183,filing
syndicate_218_2018.json,218,2018,working_sample,observed_eligible_complete,True,True,True,752.821,filing
syndicate_218_2019.json,218,2019,working_sample,observed_eligible_complete,True,True,True,591.079,filing
syndicate_218_2020.json,218,2020,working_sample,observed_eligible_complete,True,True,True,577.773,filing
syndicate_2232_2014.json,2232,2014,scientific_exclusion,non_gross_or_unstated_development,False,False,False,93.799,filing
syndicate_2232_2015.json,2232,2015,scientific_exclusion,non_gross_or_unstated_development,False,False,False,114.483,filing
syndicate_2232_2016.json,2232,2016,working_sample,observed_eligible_complete,True,True,True,155.053,filing
syndicate_2232_2017.json,2232,2017,working_sample,observed_eligible_complete,True,True,True,225.947,filing
syndicate_2232_2018.json,2232,2018,working_sample,observed_eligible_complete,True,True,True,396.75,filing
syndicate_2232_2019.json,2232,2019,working_sample,observed_eligible_complete,True,True,True,373.174,filing
syndicate_2232_2020.json,2232,2020,working_sample,observed_eligible_complete,True,True,True,396.533,filing
syndicate_2232_2021.json,2232,2021,working_sample,observed_eligible_complete,True,True,True,403.686,filing
syndicate_2232_2022.json,2232,2022,working_sample,observed_eligible_complete,True,True,True,424.046,filing
syndicate_2232_2023.json,2232,2023,working_sample,observed_eligible_complete,True,True,True,533.793,filing
syndicate_2232_2024.json,2232,2024,structural_no_eligible_outcome,no_triangle_or_reserve_text,False,False,False,384.8535,same_syndicate_median
syndicate_2243_2014.json,2243,2014,scientific_exclusion,non_gross_or_unstated_development,False,False,False,86.725,filing
syndicate_2255_2015.json,2255,2015,structural_no_eligible_outcome,no_triangle_or_reserve_text,False,False,False,,filing
syndicate_2288_2020.json,2288,2020,structural_no_eligible_outcome,no_mature_cohort,False,False,False,,filing
syndicate_2288_2021.json,2288,2021,structural_no_eligible_outcome,no_mature_cohort,False,False,False,,filing
syndicate_2357_2014.json,2357,2014,structural_no_eligible_outcome,no_mature_cohort,False,False,False,485.835163226,same_syndicate_median
syndicate_2357_2015.json,2357,2015,scientific_exclusion,no_positive_reserve_base,False,False,False,485.835163226,same_syndicate_median
syndicate_2357_2016.json,2357,2016,scientific_exclusion,no_positive_reserve_base,False,False,False,0.01377968712,filing
syndicate_2357_2017.json,2357,2017,eligible_observed_composition_unavailable,missing_lob_composition,True,False,True,23.5959790081,filing
syndicate_2357_2018.json,2357,2018,eligible_observed_composition_unavailable,missing_lob_composition,True,False,True,208.53404372,filing
syndicate_2357_2019.json,2357,2019,eligible_observed_composition_unavailable,missing_lob_composition,True,False,True,465.579923129,filing
syndicate_2357_2020.json,2357,2020,eligible_observed_composition_unavailable,missing_lob_composition,True,False,True,485.835163226,filing
syndicate_2357_2021.json,2357,2021,eligible_observed_composition_unavailable,missing_lob_composition,True,False,True,552.245185185,filing
syndicate_2357_2022.json,2357,2022,eligible_observed_composition_unavailable,missing_lob_composition,True,False,True,691.293367558,filing
syndicate_2357_2023.json,2357,2023,eligible_observed_composition_unavailable,missing_lob_composition,True,False,True,592.521384289,filing
syndicate_2357_2024.json,2357,2024,working_sample,observed_eligible_complete,True,True,True,493.71455954,filing
syndicate_2358_2022.json,2358,2022,structural_no_eligible_outcome,no_mature_cohort,False,False,False,39.3003753694,same_syndicate_median
syndicate_2358_2023.json,2358,2023,structural_no_eligible_outcome,no_mature_cohort,False,False,False,39.3003753694,same_syndicate_median
syndicate_2358_2024.json,2358,2024,working_sample,observed_eligible_complete,True,True,True,39.3003753694,filing
syndicate_2468_2014.json,2468,2014,scientific_exclusion,non_gross_or_unstated_development,False,False,False,581.108,filing
syndicate_2468_2015.json,2468,2015,working_sample,observed_eligible_complete,True,True,True,549.509,filing
syndicate_2468_2016.json,2468,2016,working_sample,observed_eligible_complete,True,True,True,551.198,filing
syndicate_2468_2017.json,2468,2017,working_sample,observed_eligible_complete,True,True,True,590.161,filing
syndicate_2468_2018.json,2468,2018,working_sample,observed_eligible_complete,True,True,True,590.161,filing
syndicate_2468_2019.json,2468,2019,working_sample,observed_eligible_complete,True,True,True,337.016,filing
syndicate_2468_2020.json,2468,2020,working_sample,observed_eligible_complete,True,True,True,389.009,filing
syndicate_2468_2021.json,2468,2021,eligible_observed_composition_unavailable,missing_lob_composition,True,False,True,468.644,filing
syndicate_2468_2022.json,2468,2022,structural_no_eligible_outcome,no_triangle_or_reserve_text,False,False,False,550.3535,same_syndicate_median
syndicate_2488_2014.json,2488,2014,scientific_exclusion,non_gross_or_unstated_development,False,False,False,1100.679,filing
syndicate_2488_2015.json,2488,2015,working_sample,observed_eligible_complete,True,True,True,1004.414,filing
syndicate_2488_2016.json,2488,2016,working_sample,observed_eligible_complete,True,True,True,916.284,filing
syndicate_2488_2017.json,2488,2017,working_sample,observed_eligible_complete,True,True,True,962.146,filing
syndicate_2488_2018.json,2488,2018,working_sample,observed_eligible_complete,True,True,True,982.165,filing
syndicate_2488_2019.json,2488,2019,working_sample,observed_eligible_complete,True,True,True,1100.269,filing
syndicate_2525_2014.json,2525,2014,working_sample,observed_eligible_complete,True,True,True,130.318,filing
syndicate_2525_2015.json,2525,2015,working_sample,observed_eligible_complete,True,True,True,116.166,filing
syndicate_2525_2016.json,2525,2016,working_sample,observed_eligible_complete,True,True,True,113.48,filing
syndicate_2525_2017.json,2525,2017,working_sample,observed_eligible_complete,True,True,True,145.134,filing
syndicate_2525_2018.json,2525,2018,working_sample,observed_eligible_complete,True,True,True,145.785,filing
syndicate_2525_2019.json,2525,2019,working_sample,observed_eligible_complete,True,True,True,155.425,filing
syndicate_2525_2020.json,2525,2020,working_sample,observed_eligible_complete,True,True,True,183.549,filing
syndicate_2525_2021.json,2525,2021,working_sample,observed_eligible_complete,True,True,True,202.268,filing
syndicate_2525_2022.json,2525,2022,working_sample,observed_eligible_complete,True,True,True,224.364,filing
syndicate_2525_2023.json,2525,2023,working_sample,observed_eligible_complete,True,True,True,264.686,filing
syndicate_2525_2024.json,2525,2024,structural_no_eligible_outcome,no_triangle_or_reserve_text,False,False,False,150.605,same_syndicate_median
syndicate_2526_2014.json,2526,2014,structural_no_eligible_outcome,no_triangle_or_reserve_text,False,False,False,190.834,same_syndicate_median
syndicate_2526_2015.json,2526,2015,working_sample,observed_eligible_complete,True,True,True,134.822,filing
syndicate_2526_2016.json,2526,2016,working_sample,observed_eligible_complete,True,True,True,190.834,filing
syndicate_2526_2017.json,2526,2017,eligible_observed_composition_unavailable,missing_lob_composition,True,False,True,231.843,filing
syndicate_260_2014.json,260,2014,scientific_exclusion,non_gross_or_unstated_development,False,False,False,85.354,filing
syndicate_2623_2014.json,2623,2014,scientific_exclusion,non_gross_or_unstated_development,False,False,False,2078.89331108,filing
syndicate_2623_2015.json,2623,2015,working_sample,observed_eligible_complete,True,True,True,2113.59012614,filing
syndicate_2623_2016.json,2623,2016,scientific_exclusion,non_gross_or_unstated_development,False,False,False,2494.28548269,filing
syndicate_2623_2017.json,2623,2017,scientific_exclusion,non_gross_or_unstated_development,False,False,False,2256.70781285,filing
syndicate_2623_2018.json,2623,2018,scientific_exclusion,non_gross_or_unstated_development,False,False,False,2649.45545718,filing
syndicate_2623_2019.json,2623,2019,working_sample,observed_eligible_complete,True,True,True,2607.28012661,filing
syndicate_2623_2020.json,2623,2020,scientific_exclusion,non_gross_or_unstated_development,False,False,False,2725.58922559,filing
syndicate_2623_2021.json,2623,2021,scientific_exclusion,non_gross_or_unstated_development,False,False,False,3192.51851852,filing
syndicate_2623_2022.json,2623,2022,scientific_exclusion,non_gross_or_unstated_development,False,False,False,4125.11385278,filing
syndicate_2623_2023.json,2623,2023,working_sample,observed_eligible_complete,True,True,True,4613.04245468,filing
syndicate_2623_2024.json,2623,2024,working_sample,observed_eligible_complete,True,True,True,4749.9177382,filing
syndicate_2689_2017.json,2689,2017,structural_no_eligible_outcome,no_mature_cohort,False,False,False,102.968818621,same_syndicate_median
syndicate_2689_2018.json,2689,2018,structural_no_eligible_outcome,no_mature_cohort,False,False,False,102.968818621,same_syndicate_median
syndicate_2689_2019.json,2689,2019,eligible_observed_composition_unavailable,missing_lob_composition,True,False,True,57.4587384128,filing
syndicate_2689_2020.json,2689,2020,eligible_observed_composition_unavailable,missing_lob_composition,True,False,True,102.968818621,filing
syndicate_2689_2021.json,2689,2021,eligible_observed_composition_unavailable,missing_lob_composition,True,False,True,129.711111111,filing
syndicate_2689_2022.json,2689,2022,scientific_exclusion,non_gross_or_unstated_development,False,False,False,152.867433965,filing
syndicate_2689_2023.json,2689,2023,working_sample,observed_eligible_complete,True,True,True,85.4877187475,filing
syndicate_2689_2024.json,2689,2024,structural_no_eligible_outcome,no_triangle_or_reserve_text,False,False,False,102.968818621,same_syndicate_median
syndicate_2786_2016.json,2786,2016,structural_no_eligible_outcome,no_mature_cohort,False,False,False,286.517,same_syndicate_median
syndicate_2786_2017.json,2786,2017,structural_no_eligible_outcome,no_mature_cohort,False,False,False,286.517,same_syndicate_median
syndicate_2786_2018.json,2786,2018,working_sample,observed_eligible_complete,True,True,True,79.102,filing
syndicate_2786_2019.json,2786,2019,working_sample,observed_eligible_complete,True,True,True,123.693,filing
syndicate_2786_2020.json,2786,2020,working_sample,observed_eligible_complete,True,True,True,189.719,filing
syndicate_2786_2021.json,2786,2021,working_sample,observed_eligible_complete,True,True,True,286.517,filing
syndicate_2786_2022.json,2786,2022,working_sample,observed_eligible_complete,True,True,True,329.386,filing
syndicate_2786_2023.json,2786,2023,working_sample,observed_eligible_complete,True,True,True,364.566,filing
syndicate_2786_2024.json,2786,2024,working_sample,observed_eligible_complete,True,True,True,396.431,filing
syndicate_2791_2014.json,2791,2014,scientific_exclusion,non_gross_or_unstated_development,False,False,False,360.523,filing
syndicate_2791_2015.json,2791,2015,working_sample,observed_eligible_complete,True,True,True,342.27,filing
syndicate_2791_2016.json,2791,2016,eligible_observed_composition_unavailable,missing_lob_composition,True,False,True,321.033,filing
syndicate_2791_2017.json,2791,2017,working_sample,observed_eligible_complete,True,True,True,350.266,filing
syndicate_2791_2018.json,2791,2018,working_sample,observed_eligible_complete,True,True,True,350.548,filing
syndicate_2791_2020.json,2791,2020,scientific_exclusion,non_gross_or_unstated_development,False,False,False,322.192,filing
syndicate_2791_2021.json,2791,2021,scientific_exclusion,non_gross_or_unstated_development,False,False,False,355.472,filing
syndicate_2791_2022.json,2791,2022,working_sample,observed_eligible_complete,True,True,True,414.649,filing
syndicate_2791_2023.json,2791,2023,working_sample,observed_eligible_complete,True,True,True,596.911,filing
syndicate_2791_2024.json,2791,2024,working_sample,observed_eligible_complete,True,True,True,545.891,filing
syndicate_2880_2022.json,2880,2022,structural_no_eligible_outcome,no_mature_cohort,False,False,False,,filing
syndicate_2880_2023.json,2880,2023,structural_no_eligible_outcome,no_mature_cohort,False,False,False,,filing
syndicate_2880_2024.json,2880,2024,structural_no_eligible_outcome,no_triangle_or_reserve_text,False,False,False,,filing
syndicate_2987_2014.json,2987,2014,structural_no_eligible_outcome,no_triangle_or_reserve_text,False,False,False,3247.55156334,same_syndicate_median
syndicate_2987_2015.json,2987,2015,working_sample,observed_eligible_complete,True,True,True,2179.23504679,filing
syndicate_2987_2016.json,2987,2016,working_sample,observed_eligible_complete,True,True,True,2686.95793143,filing
syndicate_2987_2017.json,2987,2017,working_sample,observed_eligible_complete,True,True,True,2513.3417104,filing
syndicate_2987_2018.json,2987,2018,working_sample,observed_eligible_complete,True,True,True,3238.18851367,filing
syndicate_2987_2019.json,2987,2019,working_sample,observed_eligible_complete,True,True,True,3256.91461301,filing
syndicate_2987_2020.json,2987,2020,working_sample,observed_eligible_complete,True,True,True,3129.04406383,filing
syndicate_2987_2021.json,2987,2021,working_sample,observed_eligible_complete,True,True,True,3502.07407407,filing
syndicate_2987_2022.json,2987,2022,working_sample,observed_eligible_complete,True,True,True,4089.67458806,filing
syndicate_2987_2023.json,2987,2023,scientific_exclusion,non_gross_or_unstated_development,False,False,False,4258.02401318,filing
syndicate_2987_2024.json,2987,2024,working_sample,observed_eligible_complete,True,True,True,4501.55099433,filing
syndicate_2988_2017.json,2988,2017,structural_no_eligible_outcome,no_mature_cohort,False,False,False,193.8,same_syndicate_median
syndicate_2988_2018.json,2988,2018,structural_no_eligible_outcome,no_mature_cohort,False,False,False,193.8,same_syndicate_median
syndicate_2988_2019.json,2988,2019,working_sample,observed_eligible_complete,True,True,True,93.9566,filing
syndicate_2988_2020.json,2988,2020,working_sample,observed_eligible_complete,True,True,True,108.529,filing
syndicate_2988_2021.json,2988,2021,working_sample,observed_eligible_complete,True,True,True,160.9,filing
syndicate_2988_2022.json,2988,2022,working_sample,observed_eligible_complete,True,True,True,226.7,filing
syndicate_2988_2023.json,2988,2023,working_sample,observed_eligible_complete,True,True,True,322.1,filing
syndicate_2988_2024.json,2988,2024,working_sample,observed_eligible_complete,True,True,True,347.898,filing
syndicate_2999_2014.json,2999,2014,scientific_exclusion,non_gross_or_unstated_development,False,False,False,2021.915,filing
syndicate_2999_2015.json,2999,2015,scientific_exclusion,non_gross_or_unstated_development,False,False,False,1861.785,filing
syndicate_2999_2016.json,2999,2016,scientific_exclusion,non_gross_or_unstated_development,False,False,False,1861.147,filing
syndicate_2999_2017.json,2999,2017,scientific_exclusion,non_gross_or_unstated_development,False,False,False,2236.936,filing
syndicate_2999_2018.json,2999,2018,scientific_exclusion,non_gross_or_unstated_development,False,False,False,2434.54,filing
syndicate_2999_2019.json,2999,2019,working_sample,observed_eligible_complete,True,True,True,2491.3,filing
syndicate_2999_2020.json,2999,2020,working_sample,observed_eligible_complete,True,True,True,1496.3,filing
syndicate_2999_2021.json,2999,2021,working_sample,observed_eligible_complete,True,True,True,2474.1,filing
syndicate_2999_2022.json,2999,2022,working_sample,observed_eligible_complete,True,True,True,2590.2,filing
syndicate_2999_2023.json,2999,2023,working_sample,observed_eligible_complete,True,True,True,3299.7,filing
syndicate_2999_2024.json,2999,2024,working_sample,observed_eligible_complete,True,True,True,3154.495,filing
syndicate_3000_2014.json,3000,2014,scientific_exclusion,non_gross_or_unstated_development,False,False,False,719.876,filing
syndicate_3000_2015.json,3000,2015,working_sample,observed_eligible_complete,True,True,True,737.531,filing
syndicate_3000_2016.json,3000,2016,scientific_exclusion,non_gross_or_unstated_development,False,False,False,737.922,filing
syndicate_3000_2017.json,3000,2017,working_sample,observed_eligible_complete,True,True,True,1103.264,filing
syndicate_3000_2018.json,3000,2018,working_sample,observed_eligible_complete,True,True,True,1283.579,filing
syndicate_3000_2019.json,3000,2019,working_sample,observed_eligible_complete,True,True,True,1231.828,filing
syndicate_3000_2020.json,3000,2020,working_sample,observed_eligible_complete,True,True,True,1123.995,filing
syndicate_3000_2021.json,3000,2021,scientific_exclusion,non_gross_or_unstated_development,False,False,False,1184.606,filing
syndicate_3000_2022.json,3000,2022,working_sample,observed_eligible_complete,True,True,True,1146.474,filing
syndicate_3000_2023.json,3000,2023,working_sample,observed_eligible_complete,True,True,True,1310.517,filing
syndicate_3000_2024.json,3000,2024,working_sample,observed_eligible_complete,True,True,True,1223.11,filing
syndicate_3002_2014.json,3002,2014,structural_no_eligible_outcome,no_triangle_or_reserve_text,False,False,False,25.9565,same_syndicate_median
syndicate_3002_2015.json,3002,2015,eligible_observed_composition_unavailable,missing_lob_composition,True,False,True,3.303,filing
syndicate_3002_2016.json,3002,2016,eligible_observed_composition_unavailable,missing_lob_composition,True,False,True,14.306,filing
syndicate_3002_2017.json,3002,2017,scientific_exclusion,non_gross_or_unstated_development,False,False,False,17.563,filing
syndicate_3002_2018.json,3002,2018,eligible_observed_composition_unavailable,missing_lob_composition,True,False,True,19.738,filing
syndicate_3002_2019.json,3002,2019,eligible_observed_composition_unavailable,missing_lob_composition,True,False,True,31.62,filing
syndicate_3002_2020.json,3002,2020,eligible_observed_composition_unavailable,missing_lob_composition,True,False,True,32.848,filing
syndicate_3002_2021.json,3002,2021,eligible_observed_composition_unavailable,missing_lob_composition,True,False,True,32.968,filing
syndicate_3002_2022.json,3002,2022,eligible_observed_composition_unavailable,missing_lob_composition,True,False,True,26.214,filing
syndicate_3002_2023.json,3002,2023,eligible_observed_composition_unavailable,missing_lob_composition,True,False,True,35.813,filing
syndicate_3002_2024.json,3002,2024,eligible_observed_composition_unavailable,missing_lob_composition,True,False,True,25.699,filing
syndicate_3010_2014.json,3010,2014,scientific_exclusion,non_gross_or_unstated_development,False,False,False,26.688,filing
syndicate_3010_2015.json,3010,2015,working_sample,observed_eligible_complete,True,True,True,27.1809304218,filing
syndicate_3010_2016.json,3010,2016,working_sample,observed_eligible_complete,True,True,True,35.5442976412,filing
syndicate_3010_2017.json,3010,2017,scientific_exclusion,non_gross_or_unstated_development,False,False,False,38.3797767758,filing
syndicate_3010_2018.json,3010,2018,working_sample,observed_eligible_complete,True,True,True,42.9162422628,filing
syndicate_3010_2019.json,3010,2019,working_sample,observed_eligible_complete,True,True,True,43.8164141985,filing
syndicate_3010_2020.json,3010,2020,working_sample,observed_eligible_complete,True,True,True,52.1175523349,filing
syndicate_3010_2021.json,3010,2021,working_sample,observed_eligible_complete,True,True,True,65.2807407407,filing
syndicate_3010_2022.json,3010,2022,working_sample,observed_eligible_complete,True,True,True,98.4234495322,filing
syndicate_3010_2023.json,3010,2023,working_sample,observed_eligible_complete,True,True,True,205.656438829,filing
syndicate_3010_2024.json,3010,2024,working_sample,observed_eligible_complete,True,True,True,262.568484945,filing
syndicate_308_2015.json,308,2015,eligible_observed_composition_unavailable,missing_lob_composition,True,False,True,8.047,filing
syndicate_308_2016.json,308,2016,eligible_observed_composition_unavailable,missing_lob_composition,True,False,True,10.154,filing
syndicate_308_2017.json,308,2017,scientific_exclusion,non_gross_or_unstated_development,False,False,False,10.925,filing
syndicate_308_2018.json,308,2018,eligible_observed_composition_unavailable,missing_lob_composition,True,False,True,20.986,filing
syndicate_318_2014.json,318,2014,scientific_exclusion,non_gross_or_unstated_development,False,False,False,147.686,filing
syndicate_318_2015.json,318,2015,working_sample,observed_eligible_complete,True,True,True,149.101,filing
syndicate_318_2016.json,318,2016,working_sample,observed_eligible_complete,True,True,True,135.946,filing
syndicate_318_2017.json,318,2017,working_sample,observed_eligible_complete,True,True,True,173.051,filing
syndicate_318_2018.json,318,2018,working_sample,observed_eligible_complete,True,True,True,269.667,filing
syndicate_318_2019.json,318,2019,working_sample,observed_eligible_complete,True,True,True,263.909,filing
syndicate_318_2020.json,318,2020,working_sample,observed_eligible_complete,True,True,True,189.346,filing
syndicate_318_2021.json,318,2021,working_sample,observed_eligible_complete,True,True,True,194.792,filing
syndicate_318_2022.json,318,2022,working_sample,observed_eligible_complete,True,True,True,200.588,filing
syndicate_318_2023.json,318,2023,working_sample,observed_eligible_complete,True,True,True,268.965,filing
syndicate_318_2024.json,318,2024,working_sample,observed_eligible_complete,True,True,True,217.138,filing
syndicate_3210_2014.json,3210,2014,scientific_exclusion,non_gross_or_unstated_development,False,False,False,546.743,filing
syndicate_3210_2015.json,3210,2015,working_sample,observed_eligible_complete,True,True,True,553.885,filing
syndicate_3210_2016.json,3210,2016,working_sample,observed_eligible_complete,True,True,True,524.17,filing
syndicate_3210_2017.json,3210,2017,working_sample,observed_eligible_complete,True,True,True,665.759,filing
syndicate_3210_2018.json,3210,2018,structural_no_eligible_outcome,no_triangle_or_reserve_text,False,False,False,550.314,same_syndicate_median
syndicate_3268_2018.json,3268,2018,structural_no_eligible_outcome,no_mature_cohort,False,False,False,103.142,same_syndicate_median
syndicate_3268_2019.json,3268,2019,structural_no_eligible_outcome,no_mature_cohort,False,False,False,103.142,same_syndicate_median
syndicate_3268_2020.json,3268,2020,working_sample,observed_eligible_complete,True,True,True,91.728,filing
syndicate_3268_2021.json,3268,2021,working_sample,observed_eligible_complete,True,True,True,114.556,filing
syndicate_3330_2014.json,3330,2014,eligible_outcome_unavailable,no_usable_development_reading,True,False,False,7.578,filing
syndicate_3330_2017.json,3330,2017,working_sample,observed_eligible_complete,True,True,True,14.059,filing
syndicate_3330_2018.json,3330,2018,structural_no_eligible_outcome,no_triangle_or_reserve_text,False,False,False,10.8185,same_syndicate_median
syndicate_3334_2014.json,3334,2014,working_sample,observed_eligible_complete,True,True,True,28.046,filing
syndicate_3334_2015.json,3334,2015,working_sample,observed_eligible_complete,True,True,True,32.218,filing
syndicate_3334_2016.json,3334,2016,working_sample,observed_eligible_complete,True,True,True,37.456,filing
syndicate_3334_2017.json,3334,2017,working_sample,observed_eligible_complete,True,True,True,62.137,filing
syndicate_3334_2018.json,3334,2018,working_sample,observed_eligible_complete,True,True,True,78.791,filing
syndicate_3334_2019.json,3334,2019,working_sample,observed_eligible_complete,True,True,True,142.035,filing
syndicate_33_2014.json,33,2014,scientific_exclusion,non_gross_or_unstated_development,False,False,False,1249.066,filing
syndicate_33_2015.json,33,2015,working_sample,observed_eligible_complete,True,True,True,1251.947,filing
syndicate_33_2016.json,33,2016,working_sample,observed_eligible_complete,True,True,True,1222.159,filing
syndicate_33_2017.json,33,2017,working_sample,observed_eligible_complete,True,True,True,1513.556,filing
syndicate_33_2018.json,33,2018,working_sample,observed_eligible_complete,True,True,True,1974.39316775,filing
syndicate_33_2019.json,33,2019,working_sample,observed_eligible_complete,True,True,True,2060.54789359,filing
syndicate_33_2020.json,33,2020,working_sample,observed_eligible_complete,True,True,True,2556.83135705,filing
syndicate_33_2021.json,33,2021,working_sample,observed_eligible_complete,True,True,True,2759.27925926,filing
syndicate_33_2022.json,33,2022,working_sample,observed_eligible_complete,True,True,True,3042.59584334,filing
syndicate_33_2023.json,33,2023,working_sample,observed_eligible_complete,True,True,True,2829.1477674,filing
syndicate_33_2024.json,33,2024,working_sample,observed_eligible_complete,True,True,True,2798.37872374,filing
syndicate_3456_2023.json,3456,2023,structural_no_eligible_outcome,no_mature_cohort,False,False,False,,filing
syndicate_3456_2024.json,3456,2024,structural_no_eligible_outcome,no_triangle_or_reserve_text,False,False,False,,filing
syndicate_3500_2015.json,3500,2015,structural_no_eligible_outcome,no_triangle_or_reserve_text,False,False,False,1576.24296296,same_syndicate_median
syndicate_3500_2018.json,3500,2018,working_sample,observed_eligible_complete,True,True,True,42.799,filing
syndicate_3500_2019.json,3500,2019,working_sample,observed_eligible_complete,True,True,True,812.542,filing
syndicate_3500_2021.json,3500,2021,working_sample,observed_eligible_complete,True,True,True,1576.24296296,filing
syndicate_3500_2022.json,3500,2022,working_sample,observed_eligible_complete,True,True,True,3274.85716651,filing
syndicate_3500_2023.json,3500,2023,working_sample,observed_eligible_complete,True,True,True,4553.97943969,filing
syndicate_3622_2014.json,3622,2014,structural_no_eligible_outcome,no_triangle_or_reserve_text,False,False,False,14.774,same_syndicate_median
syndicate_3622_2015.json,3622,2015,eligible_outcome_unavailable,gross_development_unavailable,True,False,False,5.097,filing
syndicate_3622_2016.json,3622,2016,scientific_exclusion,non_gross_or_unstated_development,False,False,False,5.148,filing
syndicate_3622_2017.json,3622,2017,scientific_exclusion,provision_movement_not_development,False,False,False,11.788,filing
syndicate_3622_2018.json,3622,2018,structural_no_eligible_outcome,no_triangle_or_reserve_text,False,False,False,14.774,same_syndicate_median
syndicate_3622_2019.json,3622,2019,eligible_observed_composition_unavailable,missing_lob_composition,True,False,True,12.878,filing
syndicate_3622_2020.json,3622,2020,eligible_observed_composition_unavailable,missing_lob_composition,True,False,True,16.328,filing
syndicate_3622_2021.json,3622,2021,eligible_observed_composition_unavailable,missing_lob_composition,True,False,True,19.043,filing
syndicate_3622_2022.json,3622,2022,eligible_observed_composition_unavailable,missing_lob_composition,True,False,True,14.774,filing
syndicate_3622_2023.json,3622,2023,eligible_observed_composition_unavailable,missing_lob_composition,True,False,True,16.611,filing
syndicate_3622_2024.json,3622,2024,eligible_observed_composition_unavailable,missing_lob_composition,True,False,True,19.768,filing
syndicate_3623_2014.json,3623,2014,scientific_exclusion,non_gross_or_unstated_development,False,False,False,170.111695982,filing
syndicate_3623_2015.json,3623,2015,scientific_exclusion,non_gross_or_unstated_development,False,False,False,201.071477011,filing
syndicate_3623_2016.json,3623,2016,scientific_exclusion,non_gross_or_unstated_development,False,False,False,265.542676502,filing
syndicate_3623_2017.json,3623,2017,working_sample,observed_eligible_complete,True,True,True,240.076871905,filing
syndicate_3623_2018.json,3623,2018,scientific_exclusion,non_gross_or_unstated_development,False,False,False,302.280028207,filing
syndicate_3623_2019.json,3623,2019,working_sample,observed_eligible_complete,True,True,True,231.667797121,filing
syndicate_3623_2020.json,3623,2020,scientific_exclusion,non_gross_or_unstated_development,False,False,False,205.97277119,filing
syndicate_3623_2021.json,3623,2021,scientific_exclusion,non_gross_or_unstated_development,False,False,False,274.444444444,filing
syndicate_3623_2022.json,3623,2022,scientific_exclusion,non_gross_or_unstated_development,False,False,False,367.80657448,filing
syndicate_3623_2024.json,3623,2024,working_sample,observed_eligible_complete,True,True,True,369.258046482,filing
syndicate_3624_2014.json,3624,2014,structural_no_eligible_outcome,no_triangle_or_reserve_text,False,False,False,612.247768738,same_syndicate_median
syndicate_3624_2015.json,3624,2015,working_sample,observed_eligible_complete,True,True,True,346.998,filing
syndicate_3624_2016.json,3624,2016,working_sample,observed_eligible_complete,True,True,True,393.088,filing
syndicate_3624_2017.json,3624,2017,working_sample,observed_eligible_complete,True,True,True,535.77,filing
syndicate_3624_2018.json,3624,2018,working_sample,observed_eligible_complete,True,True,True,606.999921649,filing
syndicate_3624_2019.json,3624,2019,working_sample,observed_eligible_complete,True,True,True,611.21636898,filing
syndicate_3624_2020.json,3624,2020,working_sample,observed_eligible_complete,True,True,True,613.279168497,filing
syndicate_3624_2021.json,3624,2021,working_sample,observed_eligible_complete,True,True,True,794.374814815,filing
syndicate_3624_2022.json,3624,2022,working_sample,observed_eligible_complete,True,True,True,790.304711435,filing
syndicate_3624_2023.json,3624,2023,working_sample,observed_eligible_complete,True,True,True,718.41010751,filing
syndicate_3624_2024.json,3624,2024,working_sample,observed_eligible_complete,True,True,True,705.00918457,filing
syndicate_382_2014.json,382,2014,scientific_exclusion,non_gross_or_unstated_development,False,False,False,250.224,filing
syndicate_382_2015.json,382,2015,working_sample,observed_eligible_complete,True,True,True,235.385,filing
syndicate_382_2016.json,382,2016,working_sample,observed_eligible_complete,True,True,True,249.68,filing
syndicate_382_2017.json,382,2017,working_sample,observed_eligible_complete,True,True,True,343.077,filing
syndicate_382_2018.json,382,2018,working_sample,observed_eligible_complete,True,True,True,425.362,filing
syndicate_382_2019.json,382,2019,working_sample,observed_eligible_complete,True,True,True,493.738,filing
syndicate_382_2020.json,382,2020,scientific_exclusion,non_gross_or_unstated_development,False,False,False,482.119,filing
syndicate_382_2021.json,382,2021,scientific_exclusion,non_gross_or_unstated_development,False,False,False,498.085,filing
syndicate_382_2022.json,382,2022,working_sample,observed_eligible_complete,True,True,True,498.085,filing
syndicate_382_2023.json,382,2023,working_sample,observed_eligible_complete,True,True,True,631.136,filing
syndicate_382_2024.json,382,2024,working_sample,observed_eligible_complete,True,True,True,641.906,filing
syndicate_386_2014.json,386,2014,scientific_exclusion,non_gross_or_unstated_development,False,False,False,1227.401,filing
syndicate_386_2015.json,386,2015,scientific_exclusion,non_gross_or_unstated_development,False,False,False,1128.632,filing
syndicate_386_2016.json,386,2016,scientific_exclusion,non_gross_or_unstated_development,False,False,False,1063.737,filing
syndicate_386_2017.json,386,2017,scientific_exclusion,non_gross_or_unstated_development,False,False,False,1148.563,filing
syndicate_386_2018.json,386,2018,scientific_exclusion,non_gross_or_unstated_development,False,False,False,1149.823,filing
syndicate_386_2019.json,386,2019,working_sample,observed_eligible_complete,True,True,True,1192.3,filing
syndicate_386_2020.json,386,2020,working_sample,observed_eligible_complete,True,True,True,1250.1,filing
syndicate_386_2021.json,386,2021,working_sample,observed_eligible_complete,True,True,True,1251.8,filing
syndicate_386_2022.json,386,2022,working_sample,observed_eligible_complete,True,True,True,1269.6,filing
syndicate_386_2023.json,386,2023,working_sample,observed_eligible_complete,True,True,True,1355.6,filing
syndicate_386_2024.json,386,2024,working_sample,observed_eligible_complete,True,True,True,1360.041,filing
syndicate_3902_2017.json,3902,2017,structural_no_eligible_outcome,no_triangle_or_reserve_text,False,False,False,89.883,same_syndicate_median
syndicate_3902_2018.json,3902,2018,working_sample,observed_eligible_complete,True,True,True,30.3,filing
syndicate_3902_2019.json,3902,2019,working_sample,observed_eligible_complete,True,True,True,54.033,filing
syndicate_3902_2020.json,3902,2020,working_sample,observed_eligible_complete,True,True,True,57.024,filing
syndicate_3902_2021.json,3902,2021,working_sample,observed_eligible_complete,True,True,True,89.883,filing
syndicate_3902_2022.json,3902,2022,working_sample,observed_eligible_complete,True,True,True,97.541,filing
syndicate_3902_2023.json,3902,2023,working_sample,observed_eligible_complete,True,True,True,164.113,filing
syndicate_3902_2024.json,3902,2024,working_sample,observed_eligible_complete,True,True,True,185.241,filing
syndicate_4000_2014.json,4000,2014,scientific_exclusion,non_gross_or_unstated_development,False,False,False,234.098,filing
syndicate_4000_2015.json,4000,2015,working_sample,observed_eligible_complete,True,True,True,293.304,filing
syndicate_4000_2016.json,4000,2016,working_sample,observed_eligible_complete,True,True,True,323.422,filing
syndicate_4000_2017.json,4000,2017,working_sample,observed_eligible_complete,True,True,True,457.606,filing
syndicate_4000_2018.json,4000,2018,working_sample,observed_eligible_complete,True,True,True,523.82,filing
syndicate_4000_2019.json,4000,2019,working_sample,observed_eligible_complete,True,True,True,618.131,filing
syndicate_4000_2020.json,4000,2020,working_sample,observed_eligible_complete,True,True,True,597.739,filing
syndicate_4000_2021.json,4000,2021,working_sample,observed_eligible_complete,True,True,True,627.639,filing
syndicate_4000_2022.json,4000,2022,scientific_exclusion,non_gross_or_unstated_development,False,False,False,374.414,filing
syndicate_4000_2023.json,4000,2023,working_sample,observed_eligible_complete,True,True,True,738.807,filing
syndicate_4000_2024.json,4000,2024,working_sample,observed_eligible_complete,True,True,True,786.361,filing
syndicate_4020_2014.json,4020,2014,scientific_exclusion,non_gross_or_unstated_development,False,False,False,452.436,filing
syndicate_4020_2015.json,4020,2015,structural_no_eligible_outcome,no_triangle_or_reserve_text,False,False,False,478.5115,same_syndicate_median
syndicate_4020_2016.json,4020,2016,working_sample,observed_eligible_complete,True,True,True,448.37,filing
syndicate_4020_2017.json,4020,2017,working_sample,observed_eligible_complete,True,True,True,512.293,filing
syndicate_4020_2018.json,4020,2018,working_sample,observed_eligible_complete,True,True,True,497.27,filing
syndicate_4020_2019.json,4020,2019,eligible_observed_composition_unavailable,missing_lob_composition,True,False,True,480.188,filing
syndicate_4020_2020.json,4020,2020,working_sample,observed_eligible_complete,True,True,True,416.36,filing
syndicate_4020_2021.json,4020,2021,working_sample,observed_eligible_complete,True,True,True,418.117,filing
syndicate_4020_2022.json,4020,2022,working_sample,observed_eligible_complete,True,True,True,476.835,filing
syndicate_4020_2023.json,4020,2023,working_sample,observed_eligible_complete,True,True,True,560.438,filing
syndicate_4020_2024.json,4020,2024,working_sample,observed_eligible_complete,True,True,True,519.843,filing
syndicate_4141_2014.json,4141,2014,scientific_exclusion,non_gross_or_unstated_development,False,False,False,157.998,filing
syndicate_4141_2015.json,4141,2015,working_sample,observed_eligible_complete,True,True,True,155.728,filing
syndicate_4141_2016.json,4141,2016,working_sample,observed_eligible_complete,True,True,True,144.553,filing
syndicate_4141_2017.json,4141,2017,working_sample,observed_eligible_complete,True,True,True,155.088,filing
syndicate_4141_2018.json,4141,2018,working_sample,observed_eligible_complete,True,True,True,172.403,filing
syndicate_4141_2019.json,4141,2019,working_sample,observed_eligible_complete,True,True,True,160.18,filing
syndicate_4141_2020.json,4141,2020,working_sample,observed_eligible_complete,True,True,True,152.02,filing
syndicate_4141_2021.json,4141,2021,working_sample,observed_eligible_complete,True,True,True,215.269,filing
syndicate_4141_2022.json,4141,2022,working_sample,observed_eligible_complete,True,True,True,248.468,filing
syndicate_4141_2023.json,4141,2023,working_sample,observed_eligible_complete,True,True,True,245.356,filing
syndicate_4141_2024.json,4141,2024,working_sample,observed_eligible_complete,True,True,True,220.17,filing
syndicate_4242_2014.json,4242,2014,structural_no_eligible_outcome,no_triangle_or_reserve_text,False,False,False,216.095410024,same_syndicate_median
syndicate_4242_2015.json,4242,2015,working_sample,observed_eligible_complete,True,True,True,6.19286586193,filing
syndicate_4242_2016.json,4242,2016,working_sample,observed_eligible_complete,True,True,True,9.82491691659,filing
syndicate_4242_2017.json,4242,2017,working_sample,observed_eligible_complete,True,True,True,22.721561091,filing
syndicate_4242_2018.json,4242,2018,working_sample,observed_eligible_complete,True,True,True,95.177466113,filing
syndicate_4242_2019.json,4242,2019,working_sample,observed_eligible_complete,True,True,True,262.725148843,filing
syndicate_4242_2020.json,4242,2020,working_sample,observed_eligible_complete,True,True,True,169.465671205,filing
syndicate_4242_2021.json,4242,2021,working_sample,observed_eligible_complete,True,True,True,319.462962963,filing
syndicate_4242_2022.json,4242,2022,working_sample,observed_eligible_complete,True,True,True,343.94137617,filing
syndicate_4242_2023.json,4242,2023,working_sample,observed_eligible_complete,True,True,True,289.566821,filing
syndicate_4242_2024.json,4242,2024,eligible_outcome_unavailable,no_usable_development_reading,True,False,False,324.38702979,filing
syndicate_4321_2022.json,4321,2022,structural_no_eligible_outcome,no_triangle_or_reserve_text,False,False,False,,filing
syndicate_4321_2023.json,4321,2023,structural_no_eligible_outcome,no_triangle_or_reserve_text,False,False,False,,filing
syndicate_435_2014.json,435,2014,eligible_outcome_unavailable,gross_development_unavailable,True,False,False,655.895,filing
syndicate_435_2015.json,435,2015,working_sample,observed_eligible_complete,True,True,True,590.774,filing
syndicate_435_2016.json,435,2016,working_sample,observed_eligible_complete,True,True,True,651.88,filing
syndicate_435_2017.json,435,2017,working_sample,observed_eligible_complete,True,True,True,743.418,filing
syndicate_435_2018.json,435,2018,working_sample,observed_eligible_complete,True,True,True,1015.305,filing
syndicate_435_2019.json,435,2019,working_sample,observed_eligible_complete,True,True,True,1215.834,filing
syndicate_435_2020.json,435,2020,working_sample,observed_eligible_complete,True,True,True,1242.427,filing
syndicate_435_2021.json,435,2021,working_sample,observed_eligible_complete,True,True,True,1203.196,filing
syndicate_435_2022.json,435,2022,working_sample,observed_eligible_complete,True,True,True,1217.437,filing
syndicate_435_2023.json,435,2023,working_sample,observed_eligible_complete,True,True,True,1331.277,filing
syndicate_435_2024.json,435,2024,working_sample,observed_eligible_complete,True,True,True,1333.50610974,filing
syndicate_4444_2014.json,4444,2014,scientific_exclusion,non_gross_or_unstated_development,False,False,False,900.631,filing
syndicate_4444_2015.json,4444,2015,working_sample,observed_eligible_complete,True,True,True,898.97,filing
syndicate_4444_2016.json,4444,2016,working_sample,observed_eligible_complete,True,True,True,912.779,filing
syndicate_4444_2017.json,4444,2017,working_sample,observed_eligible_complete,True,True,True,1200.561,filing
syndicate_4444_2018.json,4444,2018,working_sample,observed_eligible_complete,True,True,True,1824.548,filing
syndicate_4444_2019.json,4444,2019,working_sample,observed_eligible_complete,True,True,True,1949.555,filing
syndicate_4444_2020.json,4444,2020,scientific_exclusion,non_gross_or_unstated_development,False,False,False,1683.739,filing
syndicate_4444_2021.json,4444,2021,scientific_exclusion,non_gross_or_unstated_development,False,False,False,1822.933,filing
syndicate_4444_2022.json,4444,2022,working_sample,observed_eligible_complete,True,True,True,1980.61,filing
syndicate_4444_2023.json,4444,2023,working_sample,observed_eligible_complete,True,True,True,2681.837,filing
syndicate_4444_2024.json,4444,2024,working_sample,observed_eligible_complete,True,True,True,2534.87261401,filing
syndicate_4472_2014.json,4472,2014,scientific_exclusion,non_gross_or_unstated_development,False,False,False,2244.4,filing
syndicate_4472_2015.json,4472,2015,working_sample,observed_eligible_complete,True,True,True,2445.27329445,filing
syndicate_4472_2016.json,4472,2016,working_sample,observed_eligible_complete,True,True,True,2790.22452784,filing
syndicate_4472_2017.json,4472,2017,working_sample,observed_eligible_complete,True,True,True,2496.56293887,filing
syndicate_4472_2018.json,4472,2018,working_sample,observed_eligible_complete,True,True,True,3129.35830134,filing
syndicate_4472_2019.json,4472,2019,working_sample,observed_eligible_complete,True,True,True,3006.48127214,filing
syndicate_4472_2020.json,4472,2020,working_sample,observed_eligible_complete,True,True,True,3073.92768262,filing
syndicate_4472_2021.json,4472,2021,working_sample,observed_eligible_complete,True,True,True,3238.7,filing
syndicate_4472_2022.json,4472,2022,working_sample,observed_eligible_complete,True,True,True,3291.5,filing
syndicate_4472_2023.json,4472,2023,working_sample,observed_eligible_complete,True,True,True,3851.9,filing
syndicate_4472_2024.json,4472,2024,working_sample,observed_eligible_complete,True,True,True,3854.351,filing
syndicate_44_2014.json,44,2014,structural_no_eligible_outcome,no_triangle_or_reserve_text,False,False,False,1.041,same_syndicate_median
syndicate_44_2015.json,44,2015,eligible_observed_composition_unavailable,missing_lob_composition,True,False,True,0.969,filing
syndicate_44_2016.json,44,2016,eligible_observed_composition_unavailable,missing_lob_composition,True,False,True,1.113,filing
syndicate_44_2017.json,44,2017,eligible_observed_composition_unavailable,missing_lob_composition,True,False,True,0.906,filing
syndicate_44_2018.json,44,2018,eligible_observed_composition_unavailable,missing_lob_composition,True,False,True,2.395,filing
syndicate_457_2014.json,457,2014,scientific_exclusion,non_gross_or_unstated_development,False,False,False,526.33,filing
syndicate_457_2015.json,457,2015,working_sample,observed_eligible_complete,True,True,True,571.241,filing
syndicate_457_2016.json,457,2016,working_sample,observed_eligible_complete,True,True,True,612.805,filing
syndicate_457_2017.json,457,2017,working_sample,observed_eligible_complete,True,True,True,744.848,filing
syndicate_457_2018.json,457,2018,working_sample,observed_eligible_complete,True,True,True,670.419,filing
syndicate_457_2019.json,457,2019,working_sample,observed_eligible_complete,True,True,True,680.942,filing
syndicate_457_2020.json,457,2020,working_sample,observed_eligible_complete,True,True,True,687.047,filing
syndicate_457_2021.json,457,2021,working_sample,observed_eligible_complete,True,True,True,870.49,filing
syndicate_457_2022.json,457,2022,working_sample,observed_eligible_complete,True,True,True,925.386,filing
syndicate_457_2023.json,457,2023,working_sample,observed_eligible_complete,True,True,True,1221.125,filing
syndicate_457_2024.json,457,2024,working_sample,observed_eligible_complete,True,True,True,1251.226,filing
syndicate_4711_2014.json,4711,2014,eligible_outcome_unavailable,gross_development_unavailable,True,False,False,288.174,filing
syndicate_4711_2015.json,4711,2015,working_sample,observed_eligible_complete,True,True,True,344.778,filing
syndicate_4711_2017.json,4711,2017,working_sample,observed_eligible_complete,True,True,True,607.821,filing
syndicate_4711_2018.json,4711,2018,working_sample,observed_eligible_complete,True,True,True,647.346,filing
syndicate_4711_2019.json,4711,2019,working_sample,observed_eligible_complete,True,True,True,797.389,filing
syndicate_4711_2020.json,4711,2020,working_sample,observed_eligible_complete,True,True,True,844.32,filing
syndicate_4711_2021.json,4711,2021,working_sample,observed_eligible_complete,True,True,True,922.242,filing
syndicate_4711_2022.json,4711,2022,working_sample,observed_eligible_complete,True,True,True,1041.014,filing
syndicate_4711_2023.json,4711,2023,working_sample,observed_eligible_complete,True,True,True,1267.117,filing
syndicate_4711_2024.json,4711,2024,working_sample,observed_eligible_complete,True,True,True,1429.236,filing
syndicate_4747_2021.json,4747,2021,structural_no_eligible_outcome,no_mature_cohort,False,False,False,12.6715,same_syndicate_median
syndicate_4747_2022.json,4747,2022,working_sample,observed_eligible_complete,True,True,True,5.717,filing
syndicate_4747_2023.json,4747,2023,working_sample,observed_eligible_complete,True,True,True,19.626,filing
syndicate_4747_2024.json,4747,2024,structural_no_eligible_outcome,no_triangle_or_reserve_text,False,False,False,12.6715,same_syndicate_median
syndicate_5000_2014.json,5000,2014,working_sample,observed_eligible_complete,True,True,True,368.747,filing
syndicate_5000_2015.json,5000,2015,working_sample,observed_eligible_complete,True,True,True,365.387,filing
syndicate_5000_2016.json,5000,2016,working_sample,observed_eligible_complete,True,True,True,341.743,filing
syndicate_5000_2017.json,5000,2017,working_sample,observed_eligible_complete,True,True,True,350.17,filing
syndicate_5000_2018.json,5000,2018,working_sample,observed_eligible_complete,True,True,True,425.796,filing
syndicate_5000_2019.json,5000,2019,working_sample,observed_eligible_complete,True,True,True,469.335,filing
syndicate_5000_2020.json,5000,2020,working_sample,observed_eligible_complete,True,True,True,513.98,filing
syndicate_5000_2021.json,5000,2021,working_sample,observed_eligible_complete,True,True,True,521.835,filing
syndicate_5000_2022.json,5000,2022,working_sample,observed_eligible_complete,True,True,True,526.192,filing
syndicate_5000_2023.json,5000,2023,working_sample,observed_eligible_complete,True,True,True,625.99,filing
syndicate_5000_2024.json,5000,2024,working_sample,observed_eligible_complete,True,True,True,587.305,filing
syndicate_510_2014.json,510,2014,scientific_exclusion,non_gross_or_unstated_development,False,False,False,977.763,filing
syndicate_510_2015.json,510,2015,working_sample,observed_eligible_complete,True,True,True,1080.595,filing
syndicate_510_2016.json,510,2016,working_sample,observed_eligible_complete,True,True,True,1070.529,filing
syndicate_510_2017.json,510,2017,working_sample,observed_eligible_complete,True,True,True,1307.362,filing
syndicate_510_2018.json,510,2018,scientific_exclusion,non_gross_or_unstated_development,False,False,False,1548.723,filing
syndicate_510_2019.json,510,2019,working_sample,observed_eligible_complete,True,True,True,1656.196,filing
syndicate_510_2020.json,510,2020,working_sample,observed_eligible_complete,True,True,True,1548.182,filing
syndicate_510_2021.json,510,2021,working_sample,observed_eligible_complete,True,True,True,1775.224,filing
syndicate_510_2022.json,510,2022,working_sample,observed_eligible_complete,True,True,True,1787.92,filing
syndicate_510_2023.json,510,2023,working_sample,observed_eligible_complete,True,True,True,2169.8,filing
syndicate_510_2024.json,510,2024,working_sample,observed_eligible_complete,True,True,True,2163.618,filing
syndicate_5151_2014.json,5151,2014,working_sample,observed_eligible_complete,True,True,True,203.686,filing
syndicate_5151_2015.json,5151,2015,working_sample,observed_eligible_complete,True,True,True,232.321,filing
syndicate_5151_2016.json,5151,2016,scientific_exclusion,non_gross_or_unstated_development,False,False,False,244.293,filing
syndicate_5151_2017.json,5151,2017,working_sample,observed_eligible_complete,True,True,True,304.206,filing
syndicate_5151_2018.json,5151,2018,scientific_exclusion,non_gross_or_unstated_development,False,False,False,398.997,filing
syndicate_5151_2019.json,5151,2019,working_sample,observed_eligible_complete,True,True,True,485.209,filing
syndicate_5151_2020.json,5151,2020,scientific_exclusion,non_gross_or_unstated_development,False,False,False,515.336,filing
syndicate_5183_2023.json,5183,2023,structural_no_eligible_outcome,no_mature_cohort,False,False,False,,filing
syndicate_5183_2024.json,5183,2024,structural_no_eligible_outcome,no_triangle_or_reserve_text,False,False,False,,filing
syndicate_557_2014.json,557,2014,eligible_observed_composition_unavailable,missing_lob_composition,True,False,True,47.212,filing
syndicate_557_2015.json,557,2015,scientific_exclusion,non_gross_or_unstated_development,False,False,False,36.758,filing
syndicate_557_2016.json,557,2016,eligible_observed_composition_unavailable,missing_lob_composition,True,False,True,27.076,filing
syndicate_557_2017.json,557,2017,scientific_exclusion,non_gross_or_unstated_development,False,False,False,26.086,filing
syndicate_557_2018.json,557,2018,eligible_observed_composition_unavailable,missing_lob_composition,True,False,True,36.321,filing
syndicate_557_2019.json,557,2019,scientific_exclusion,non_gross_or_unstated_development,False,False,False,31.399,filing
syndicate_557_2020.json,557,2020,eligible_observed_composition_unavailable,missing_lob_composition,True,False,True,22.206,filing
syndicate_557_2021.json,557,2021,eligible_observed_composition_unavailable,missing_lob_composition,True,False,True,36.46,filing
syndicate_557_2022.json,557,2022,eligible_observed_composition_unavailable,missing_lob_composition,True,False,True,44.694,filing
syndicate_5623_2018.json,5623,2018,structural_no_eligible_outcome,no_triangle_or_reserve_text,False,False,False,115.426016395,same_syndicate_median
syndicate_5623_2019.json,5623,2019,structural_no_eligible_outcome,no_mature_cohort,False,False,False,115.426016395,same_syndicate_median
syndicate_5623_2020.json,5623,2020,eligible_outcome_unavailable,gross_development_unavailable,True,False,False,11.9232908798,filing
syndicate_5623_2021.json,5623,2021,eligible_observed_composition_unavailable,missing_lob_composition,True,False,True,43.4785185185,filing
syndicate_5623_2022.json,5623,2022,scientific_exclusion,non_gross_or_unstated_development,False,False,False,115.426016395,filing
syndicate_5623_2023.json,5623,2023,working_sample,observed_eligible_complete,True,True,True,177.273797379,filing
syndicate_5623_2024.json,5623,2024,working_sample,observed_eligible_complete,True,True,True,279.438543247,filing
syndicate_5678_2014.json,5678,2014,working_sample,observed_eligible_complete,True,True,True,137.475,filing
syndicate_5678_2015.json,5678,2015,working_sample,observed_eligible_complete,True,True,True,96.644,filing
syndicate_5678_2016.json,5678,2016,working_sample,observed_eligible_complete,True,True,True,87.761,filing
syndicate_5678_2017.json,5678,2017,working_sample,observed_eligible_complete,True,True,True,111.871,filing
syndicate_5678_2018.json,5678,2018,working_sample,observed_eligible_complete,True,True,True,160.397,filing
syndicate_5678_2019.json,5678,2019,working_sample,observed_eligible_complete,True,True,True,192.988,filing
syndicate_5820_2014.json,5820,2014,scientific_exclusion,non_gross_or_unstated_development,False,False,False,70.746,filing
syndicate_5820_2015.json,5820,2015,working_sample,observed_eligible_complete,True,True,True,67.049,filing
syndicate_5820_2016.json,5820,2016,working_sample,observed_eligible_complete,True,True,True,57.106,filing
syndicate_5820_2017.json,5820,2017,working_sample,observed_eligible_complete,True,True,True,87.278,filing
syndicate_5820_2019.json,5820,2019,working_sample,observed_eligible_complete,True,True,True,86.423,filing
syndicate_5886_2017.json,5886,2017,structural_no_eligible_outcome,no_mature_cohort,False,False,False,216.9545,same_syndicate_median
syndicate_5886_2018.json,5886,2018,structural_no_eligible_outcome,no_mature_cohort,False,False,False,216.9545,same_syndicate_median
syndicate_5886_2019.json,5886,2019,working_sample,observed_eligible_complete,True,True,True,126.111,filing
syndicate_5886_2020.json,5886,2020,working_sample,observed_eligible_complete,True,True,True,151.557,filing
syndicate_5886_2021.json,5886,2021,working_sample,observed_eligible_complete,True,True,True,180.512,filing
syndicate_5886_2022.json,5886,2022,working_sample,observed_eligible_complete,True,True,True,253.397,filing
syndicate_5886_2023.json,5886,2023,working_sample,observed_eligible_complete,True,True,True,380.805,filing
syndicate_5886_2024.json,5886,2024,working_sample,observed_eligible_complete,True,True,True,326.036,filing
syndicate_6050_2015.json,6050,2015,structural_no_eligible_outcome,no_triangle_or_reserve_text,False,False,False,9.80782023801,same_syndicate_median
syndicate_6050_2016.json,6050,2016,structural_no_eligible_outcome,no_triangle_or_reserve_text,False,False,False,9.80782023801,same_syndicate_median
syndicate_6050_2017.json,6050,2017,eligible_outcome_unavailable,gross_development_unavailable,True,False,False,9.80782023801,filing
syndicate_609_2014.json,609,2014,working_sample,observed_eligible_complete,True,True,True,378.654,filing
syndicate_609_2015.json,609,2015,working_sample,observed_eligible_complete,True,True,True,543.606,filing
syndicate_609_2016.json,609,2016,working_sample,observed_eligible_complete,True,True,True,540.543,filing
syndicate_609_2017.json,609,2017,working_sample,observed_eligible_complete,True,True,True,679.387,filing
syndicate_609_2018.json,609,2018,working_sample,observed_eligible_complete,True,True,True,701.094,filing
syndicate_609_2019.json,609,2019,working_sample,observed_eligible_complete,True,True,True,743.465,filing
syndicate_609_2020.json,609,2020,working_sample,observed_eligible_complete,True,True,True,686.712,filing
syndicate_609_2021.json,609,2021,working_sample,observed_eligible_complete,True,True,True,731.704,filing
syndicate_609_2022.json,609,2022,working_sample,observed_eligible_complete,True,True,True,789.783,filing
syndicate_609_2023.json,609,2023,working_sample,observed_eligible_complete,True,True,True,1171.381,filing
syndicate_609_2024.json,609,2024,working_sample,observed_eligible_complete,True,True,True,1285.324,filing
syndicate_6103_2014.json,6103,2014,structural_no_eligible_outcome,no_triangle_or_reserve_text,False,False,False,9.1305,same_syndicate_median
syndicate_6103_2015.json,6103,2015,working_sample,observed_eligible_complete,True,True,True,5.119,filing
syndicate_6103_2016.json,6103,2016,eligible_observed_composition_unavailable,missing_lob_composition,True,False,True,0.953,filing
syndicate_6103_2017.json,6103,2017,eligible_observed_composition_unavailable,missing_lob_composition,True,False,True,0.728,filing
syndicate_6103_2018.json,6103,2018,eligible_observed_composition_unavailable,missing_lob_composition,True,False,True,1.882,filing
syndicate_6103_2019.json,6103,2019,eligible_observed_composition_unavailable,missing_lob_composition,True,False,True,11.009,filing
syndicate_6103_2020.json,6103,2020,eligible_observed_composition_unavailable,missing_lob_composition,True,False,True,7.252,filing
syndicate_6103_2021.json,6103,2021,eligible_observed_composition_unavailable,missing_lob_composition,True,False,True,15.385,filing
syndicate_6103_2022.json,6103,2022,eligible_observed_composition_unavailable,missing_lob_composition,True,False,True,28.976,filing
syndicate_6103_2023.json,6103,2023,working_sample,observed_eligible_complete,True,True,True,59.471,filing
syndicate_6103_2024.json,6103,2024,eligible_observed_composition_unavailable,missing_lob_composition,True,False,True,35.077,filing
syndicate_6104_2014.json,6104,2014,scientific_exclusion,non_gross_or_unstated_development,False,False,False,45.216,filing
syndicate_6104_2015.json,6104,2015,eligible_observed_composition_unavailable,missing_lob_composition,True,False,True,27.796,filing
syndicate_6104_2016.json,6104,2016,eligible_observed_composition_unavailable,missing_lob_composition,True,False,True,13.54,filing
syndicate_6104_2017.json,6104,2017,eligible_observed_composition_unavailable,missing_lob_composition,True,False,True,25.445,filing
syndicate_6104_2018.json,6104,2018,eligible_observed_composition_unavailable,missing_lob_composition,True,False,True,56.8878790253,filing
syndicate_6104_2019.json,6104,2019,eligible_observed_composition_unavailable,missing_lob_composition,True,False,True,105.229482252,filing
syndicate_6104_2020.json,6104,2020,eligible_observed_composition_unavailable,missing_lob_composition,True,False,True,177.373005416,filing
syndicate_6104_2021.json,6104,2021,eligible_observed_composition_unavailable,missing_lob_composition,True,False,True,133.574074074,filing
syndicate_6104_2022.json,6104,2022,eligible_observed_composition_unavailable,missing_lob_composition,True,False,True,91.3596091745,filing
syndicate_6104_2023.json,6104,2023,eligible_observed_composition_unavailable,missing_lob_composition,True,False,True,50.2534724947,filing
syndicate_6104_2024.json,6104,2024,eligible_observed_composition_unavailable,missing_lob_composition,True,False,True,42.3935787876,filing
syndicate_6105_2014.json,6105,2014,scientific_exclusion,non_gross_or_unstated_development,False,False,False,6.48,filing
syndicate_6105_2015.json,6105,2015,working_sample,observed_eligible_complete,True,True,True,15.069,filing
syndicate_6107_2014.json,6107,2014,scientific_exclusion,non_gross_or_unstated_development,False,False,False,16.0969315702,filing
syndicate_6107_2015.json,6107,2015,scientific_exclusion,non_gross_or_unstated_development,False,False,False,17.0298386003,filing
syndicate_6107_2016.json,6107,2016,scientific_exclusion,non_gross_or_unstated_development,False,False,False,28.7275674799,filing
syndicate_6107_2017.json,6107,2017,eligible_outcome_unavailable,no_usable_development_reading,True,False,False,29.5038805529,filing
syndicate_6107_2018.json,6107,2018,scientific_exclusion,non_gross_or_unstated_development,False,False,False,56.1028754995,filing
syndicate_6107_2019.json,6107,2019,eligible_outcome_unavailable,gross_development_unavailable,True,False,False,73.6161730349,filing
syndicate_6107_2020.json,6107,2020,scientific_exclusion,non_gross_or_unstated_development,False,False,False,92.50958864,filing
syndicate_6107_2021.json,6107,2021,eligible_outcome_unavailable,no_usable_development_reading,True,False,False,92.3108148148,filing
syndicate_6107_2022.json,6107,2022,scientific_exclusion,non_gross_or_unstated_development,False,False,False,120.311335597,filing
syndicate_6107_2023.json,6107,2023,scientific_exclusion,non_gross_or_unstated_development,False,False,False,108.844071255,filing
syndicate_6107_2024.json,6107,2024,eligible_observed_composition_unavailable,missing_lob_composition,True,False,True,19.9408992892,filing
syndicate_6111_2014.json,6111,2014,structural_no_eligible_outcome,no_triangle_or_reserve_text,False,False,False,174.2775,same_syndicate_median
syndicate_6111_2015.json,6111,2015,working_sample,observed_eligible_complete,True,True,True,121.331,filing
syndicate_6111_2016.json,6111,2016,working_sample,observed_eligible_complete,True,True,True,149.461,filing
syndicate_6111_2017.json,6111,2017,working_sample,observed_eligible_complete,True,True,True,210.913,filing
syndicate_6111_2018.json,6111,2018,working_sample,observed_eligible_complete,True,True,True,199.094,filing
syndicate_6112_2014.json,6112,2014,structural_no_eligible_outcome,no_triangle_or_reserve_text,False,False,False,45.1005,same_syndicate_median
syndicate_6112_2015.json,6112,2015,working_sample,observed_eligible_complete,True,True,True,43.903,filing
syndicate_6112_2016.json,6112,2016,working_sample,observed_eligible_complete,True,True,True,46.298,filing
syndicate_6113_2014.json,6113,2014,structural_no_eligible_outcome,no_triangle_or_reserve_text,False,False,False,,filing
syndicate_6115_2014.json,6115,2014,structural_no_eligible_outcome,no_triangle_or_reserve_text,False,False,False,,filing
syndicate_6117_2014.json,6117,2014,structural_no_eligible_outcome,no_triangle_or_reserve_text,False,False,False,58.9685,same_syndicate_median
syndicate_6117_2015.json,6117,2015,eligible_observed_composition_unavailable,missing_lob_composition,True,False,True,2.395,filing
syndicate_6117_2016.json,6117,2016,eligible_observed_composition_unavailable,missing_lob_composition,True,False,True,9.513,filing
syndicate_6117_2017.json,6117,2017,eligible_observed_composition_unavailable,missing_lob_composition,True,False,True,33.7,filing
syndicate_6117_2018.json,6117,2018,scientific_exclusion,non_gross_or_unstated_development,False,False,False,44.1,filing
syndicate_6117_2019.json,6117,2019,eligible_observed_composition_unavailable,missing_lob_composition,True,False,True,57.6,filing
syndicate_6117_2020.json,6117,2020,eligible_observed_composition_unavailable,missing_lob_composition,True,False,True,80.5,filing
syndicate_6117_2021.json,6117,2021,eligible_observed_composition_unavailable,missing_lob_composition,True,False,True,89.8,filing
syndicate_6117_2022.json,6117,2022,eligible_observed_composition_unavailable,missing_lob_composition,True,False,True,102.3,filing
syndicate_6117_2023.json,6117,2023,eligible_observed_composition_unavailable,missing_lob_composition,True,False,True,144.4,filing
syndicate_6117_2024.json,6117,2024,eligible_observed_composition_unavailable,missing_lob_composition,True,False,True,60.337,filing
syndicate_6118_2014.json,6118,2014,eligible_outcome_unavailable,no_usable_development_reading,True,False,False,86.0745,same_syndicate_median
syndicate_6118_2015.json,6118,2015,eligible_observed_composition_unavailable,missing_lob_composition,True,False,True,48.622,filing
syndicate_6118_2016.json,6118,2016,eligible_observed_composition_unavailable,missing_lob_composition,True,False,True,61.371,filing
syndicate_6118_2017.json,6118,2017,eligible_observed_composition_unavailable,missing_lob_composition,True,False,True,110.778,filing
syndicate_6118_2018.json,6118,2018,working_sample,observed_eligible_complete,True,True,True,183.372,filing
syndicate_6119_2014.json,6119,2014,structural_no_eligible_outcome,no_triangle_or_reserve_text,False,False,False,12.884,same_syndicate_median
syndicate_6119_2015.json,6119,2015,structural_no_eligible_outcome,no_mature_cohort,False,False,False,12.884,same_syndicate_median
syndicate_6119_2016.json,6119,2016,working_sample,observed_eligible_complete,True,True,True,12.884,filing
syndicate_6120_2015.json,6120,2015,structural_no_eligible_outcome,no_mature_cohort,False,False,False,,filing
syndicate_6121_2015.json,6121,2015,structural_no_eligible_outcome,no_mature_cohort,False,False,False,,filing
syndicate_6121_2016.json,6121,2016,structural_no_eligible_outcome,no_mature_cohort,False,False,False,,filing
syndicate_6123_2015.json,6123,2015,structural_no_eligible_outcome,no_mature_cohort,False,False,False,14.5835618585,same_syndicate_median
syndicate_6123_2016.json,6123,2016,structural_no_eligible_outcome,no_mature_cohort,False,False,False,14.5835618585,same_syndicate_median
syndicate_6123_2017.json,6123,2017,eligible_observed_composition_unavailable,missing_lob_composition,True,False,True,1.87449183236,filing
syndicate_6123_2018.json,6123,2018,eligible_observed_composition_unavailable,missing_lob_composition,True,False,True,14.5835618585,filing
syndicate_6123_2019.json,6123,2019,working_sample,observed_eligible_complete,True,True,True,54.8308086517,filing
syndicate_6124_2015.json,6124,2015,structural_no_eligible_outcome,no_mature_cohort,False,False,False,,filing
syndicate_6125_2016.json,6125,2016,structural_no_eligible_outcome,no_triangle_or_reserve_text,False,False,False,18.9295,same_syndicate_median
syndicate_6125_2017.json,6125,2017,working_sample,observed_eligible_complete,True,True,True,4.571,filing
syndicate_6125_2018.json,6125,2018,working_sample,observed_eligible_complete,True,True,True,12.683,filing
syndicate_6125_2019.json,6125,2019,working_sample,observed_eligible_complete,True,True,True,25.176,filing
syndicate_6125_2020.json,6125,2020,working_sample,observed_eligible_complete,True,True,True,27.015,filing
syndicate_6126_2016.json,6126,2016,structural_no_eligible_outcome,no_mature_cohort,False,False,False,,filing
syndicate_6126_2017.json,6126,2017,structural_no_eligible_outcome,no_mature_cohort,False,False,False,,filing
syndicate_6129_2016.json,6129,2016,structural_no_eligible_outcome,no_mature_cohort,False,False,False,70.9,same_syndicate_median
syndicate_6129_2017.json,6129,2017,structural_no_eligible_outcome,no_mature_cohort,False,False,False,70.9,same_syndicate_median
syndicate_6129_2018.json,6129,2018,eligible_observed_composition_unavailable,missing_lob_composition,True,False,True,70.9,filing
syndicate_6130_2016.json,6130,2016,structural_no_eligible_outcome,no_mature_cohort,False,False,False,3.93490078078,same_syndicate_median
syndicate_6130_2017.json,6130,2017,working_sample,observed_eligible_complete,True,True,True,0.845590952768,filing
syndicate_6130_2018.json,6130,2018,working_sample,observed_eligible_complete,True,True,True,7.02421060879,filing
syndicate_6131_2018.json,6131,2018,structural_no_eligible_outcome,no_mature_cohort,False,False,False,4.17,same_syndicate_median
syndicate_6131_2019.json,6131,2019,structural_no_eligible_outcome,no_mature_cohort,False,False,False,4.17,same_syndicate_median
syndicate_6131_2020.json,6131,2020,working_sample,observed_eligible_complete,True,True,True,1.645,filing
syndicate_6131_2021.json,6131,2021,working_sample,observed_eligible_complete,True,True,True,6.695,filing
syndicate_6132_2018.json,6132,2018,structural_no_eligible_outcome,no_mature_cohort,False,False,False,49.272,same_syndicate_median
syndicate_6132_2019.json,6132,2019,structural_no_eligible_outcome,no_mature_cohort,False,False,False,49.272,same_syndicate_median
syndicate_6132_2020.json,6132,2020,eligible_observed_composition_unavailable,missing_lob_composition,True,False,True,39.821,filing
syndicate_6132_2021.json,6132,2021,eligible_observed_composition_unavailable,missing_lob_composition,True,False,True,58.723,filing
syndicate_6133_2018.json,6133,2018,structural_no_eligible_outcome,no_mature_cohort,False,False,False,37.0614814815,same_syndicate_median
syndicate_6133_2019.json,6133,2019,scientific_exclusion,non_gross_or_unstated_development,False,False,False,51.0437862687,filing
syndicate_6133_2020.json,6133,2020,eligible_observed_composition_unavailable,missing_lob_composition,True,False,True,34.4276094276,filing
syndicate_6133_2021.json,6133,2021,eligible_observed_composition_unavailable,missing_lob_composition,True,False,True,37.0614814815,filing
syndicate_6134_2018.json,6134,2018,structural_no_eligible_outcome,no_triangle_or_reserve_text,False,False,False,146.207,same_syndicate_median
syndicate_6134_2019.json,6134,2019,scientific_exclusion,non_gross_or_unstated_development,False,False,False,9.216,filing
syndicate_6134_2020.json,6134,2020,working_sample,observed_eligible_complete,True,True,True,36.754,filing
syndicate_6134_2021.json,6134,2021,working_sample,observed_eligible_complete,True,True,True,106.65,filing
syndicate_6134_2022.json,6134,2022,working_sample,observed_eligible_complete,True,True,True,185.764,filing
syndicate_6134_2023.json,6134,2023,working_sample,observed_eligible_complete,True,True,True,245.653,filing
syndicate_6134_2024.json,6134,2024,eligible_observed_composition_unavailable,missing_lob_composition,True,False,True,216.153,filing
syndicate_6136_2023.json,6136,2023,structural_no_eligible_outcome,no_mature_cohort,False,False,False,,filing
syndicate_623_2014.json,623,2014,scientific_exclusion,non_gross_or_unstated_development,False,False,False,475.991783284,filing
syndicate_623_2015.json,623,2015,scientific_exclusion,non_gross_or_unstated_development,False,False,False,478.570459786,filing
syndicate_623_2016.json,623,2016,working_sample,observed_eligible_complete,True,True,True,560.590094837,filing
syndicate_623_2017.json,623,2017,working_sample,observed_eligible_complete,True,True,True,504.102298766,filing
syndicate_623_2018.json,623,2018,scientific_exclusion,non_gross_or_unstated_development,False,False,False,590.69184361,filing
syndicate_623_2019.json,623,2019,scientific_exclusion,non_gross_or_unstated_development,False,False,False,577.662220213,filing
syndicate_623_2020.json,623,2020,scientific_exclusion,non_gross_or_unstated_development,False,False,False,601.522471088,filing
syndicate_623_2021.json,623,2021,scientific_exclusion,non_gross_or_unstated_development,False,False,False,703.333333333,filing
syndicate_623_2022.json,623,2022,working_sample,observed_eligible_complete,True,True,True,907.924153349,filing
syndicate_623_2023.json,623,2023,working_sample,observed_eligible_complete,True,True,True,1014.43930001,filing
syndicate_623_2024.json,623,2024,working_sample,observed_eligible_complete,True,True,True,1041.38806805,filing
syndicate_727_2014.json,727,2014,working_sample,observed_eligible_complete,True,True,True,241.954,filing
syndicate_727_2015.json,727,2015,working_sample,observed_eligible_complete,True,True,True,236.448,filing
syndicate_727_2016.json,727,2016,working_sample,observed_eligible_complete,True,True,True,245.893,filing
syndicate_727_2017.json,727,2017,working_sample,observed_eligible_complete,True,True,True,271.047,filing
syndicate_727_2018.json,727,2018,working_sample,observed_eligible_complete,True,True,True,262.391,filing
syndicate_727_2019.json,727,2019,eligible_observed_composition_unavailable,missing_lob_composition,True,False,True,262.608,filing
syndicate_727_2020.json,727,2020,working_sample,observed_eligible_complete,True,True,True,261.259,filing
syndicate_727_2021.json,727,2021,working_sample,observed_eligible_complete,True,True,True,268.255,filing
syndicate_727_2022.json,727,2022,working_sample,observed_eligible_complete,True,True,True,266.273,filing
syndicate_727_2023.json,727,2023,working_sample,observed_eligible_complete,True,True,True,314.671,filing
syndicate_727_2024.json,727,2024,working_sample,observed_eligible_complete,True,True,True,315.08,filing
syndicate_779_2014.json,779,2014,eligible_observed_composition_unavailable,missing_lob_composition,True,False,True,17.603,filing
syndicate_779_2015.json,779,2015,eligible_observed_composition_unavailable,missing_lob_composition,True,False,True,14.697,filing
syndicate_779_2016.json,779,2016,eligible_observed_composition_unavailable,missing_lob_composition,True,False,True,14.168,filing
syndicate_780_2014.json,780,2014,working_sample,observed_eligible_complete,True,True,True,269.182,filing
syndicate_780_2015.json,780,2015,working_sample,observed_eligible_complete,True,True,True,254.04652109,filing
syndicate_780_2016.json,780,2016,working_sample,observed_eligible_complete,True,True,True,282.483585961,filing
syndicate_780_2017.json,780,2017,working_sample,observed_eligible_complete,True,True,True,231.946189667,filing
syndicate_780_2018.json,780,2018,working_sample,observed_eligible_complete,True,True,True,311.760557863,filing
syndicate_780_2019.json,780,2019,working_sample,observed_eligible_complete,True,True,True,272.930137915,filing
syndicate_780_2020.json,780,2020,working_sample,observed_eligible_complete,True,True,True,183.102034841,filing
syndicate_958_2014.json,958,2014,scientific_exclusion,non_gross_or_unstated_development,False,False,False,417.645,filing
syndicate_958_2015.json,958,2015,working_sample,observed_eligible_complete,True,True,True,373.493,filing
